"SubscriptionName";"Subscription";"MGPath";"VNet";"VNetId";"VNetResourceGroup";"Location";"SubnetName";"SubnetId";"SubnetNet";"SubnetPrefix";"Subnetmask";"Range";"ConnectedDevices";"AvailableIPAddresses";"UsedIPAddressesPercent";"SubnetIPAddressUsageCritical";"PrivateEndpointNetworkPolicies";"PrivateLinkServiceNetworkPolicies";"ServiceEndpointsCount";"ServiceEndpoints";"Delegation";"NetworkSecurityGroup";"RouteTable";"NatGateway";"PrivateEndpoints"
"MTN Training";"c7c39807-92fa-4bcb-8d7f-a604845698d0";"80c5c29b-f6c2-457b-af54-603a8d840878";"az104-05-vnet0";"/subscriptions/c7c39807-92fa-4bcb-8d7f-a604845698d0/resourceGroups/rg1-az104-jsocstudent04/providers/Microsoft.Network/virtualNetworks/az104-05-vnet0";"rg1-az104-jsocstudent04";"usgovvirginia";"subnet0";"/subscriptions/c7c39807-92fa-4bcb-8d7f-a604845698d0/resourceGroups/rg1-az104-jsocstudent04/providers/Microsoft.Network/virtualNetworks/az104-05-vnet0/subnets/subnet0";"10.50.0.0";"24";"255.255.255.0";"10.50.0.0 - 10.50.0.255";"0";"251";"0 %";"False";"Disabled";"Enabled";"0";"";"";;;"";"0"
"MTN Training";"c7c39807-92fa-4bcb-8d7f-a604845698d0";"80c5c29b-f6c2-457b-af54-603a8d840878";"jas-vnet";"/subscriptions/c7c39807-92fa-4bcb-8d7f-a604845698d0/resourceGroups/jas-demo/providers/Microsoft.Network/virtualNetworks/jas-vnet";"jas-demo";"usgovarizona";"AzureBastionSubnet";"/subscriptions/c7c39807-92fa-4bcb-8d7f-a604845698d0/resourceGroups/jas-demo/providers/Microsoft.Network/virtualNetworks/jas-vnet/subnets/AzureBastionSubnet";"10.0.1.0";"26";"255.255.255.192";"10.0.1.0 - 10.0.1.63";"1";"58";"1.7 %";"False";"Disabled";"Enabled";"0";"";"";;;"";"0"
"MTN Training";"c7c39807-92fa-4bcb-8d7f-a604845698d0";"80c5c29b-f6c2-457b-af54-603a8d840878";"jas-vnet";"/subscriptions/c7c39807-92fa-4bcb-8d7f-a604845698d0/resourceGroups/jas-demo/providers/Microsoft.Network/virtualNetworks/jas-vnet";"jas-demo";"usgovarizona";"default";"/subscriptions/c7c39807-92fa-4bcb-8d7f-a604845698d0/resourceGroups/jas-demo/providers/Microsoft.Network/virtualNetworks/jas-vnet/subnets/default";"10.0.0.0";"24";"255.255.255.0";"10.0.0.0 - 10.0.0.255";"5";"246";"2 %";"False";"Disabled";"Enabled";"0";"";"";;;"";"0"
"MTN Training";"c7c39807-92fa-4bcb-8d7f-a604845698d0";"80c5c29b-f6c2-457b-af54-603a8d840878";"s05vnet-cap-usgaz-hub";"/subscriptions/c7c39807-92fa-4bcb-8d7f-a604845698d0/resourceGroups/s05rg-cap-usgaz-hub/providers/Microsoft.Network/virtualNetworks/s05vnet-cap-usgaz-hub";"s05rg-cap-usgaz-hub";"usgovarizona";"AzureBastionSubnet";"/subscriptions/c7c39807-92fa-4bcb-8d7f-a604845698d0/resourceGroups/s05rg-cap-usgaz-hub/providers/Microsoft.Network/virtualNetworks/s05vnet-cap-usgaz-hub/subnets/AzureBastionSubnet";"10.52.255.0";"24";"255.255.255.0";"10.52.255.0 - 10.52.255.255";"1";"250";"0.4 %";"False";"Disabled";"Enabled";"0";"";"";;;"";"0"
"MTN Training";"c7c39807-92fa-4bcb-8d7f-a604845698d0";"80c5c29b-f6c2-457b-af54-603a8d840878";"s05vnet-cap-usgaz-hub";"/subscriptions/c7c39807-92fa-4bcb-8d7f-a604845698d0/resourceGroups/s05rg-cap-usgaz-hub/providers/Microsoft.Network/virtualNetworks/s05vnet-cap-usgaz-hub";"s05rg-cap-usgaz-hub";"usgovarizona";"Subnet-Jumpbox";"/subscriptions/c7c39807-92fa-4bcb-8d7f-a604845698d0/resourceGroups/s05rg-cap-usgaz-hub/providers/Microsoft.Network/virtualNetworks/s05vnet-cap-usgaz-hub/subnets/Subnet-Jumpbox";"10.52.0.0";"24";"255.255.255.0";"10.52.0.0 - 10.52.0.255";"1";"250";"0.4 %";"False";"Disabled";"Enabled";"0";"";"";;;"";"0"
"MTNNet Main Subscription";"a3ad3fff-f3c5-46cf-ac18-d384307648f8";"80c5c29b-f6c2-457b-af54-603a8d840878";"aks-vnet-30503371";"/subscriptions/a3ad3fff-f3c5-46cf-ac18-d384307648f8/resourceGroups/MC_myResourceGroup_myk8cluster_usgovvirginia/providers/Microsoft.Network/virtualNetworks/aks-vnet-30503371";"MC_myResourceGroup_myk8cluster_usgovvirginia";"usgovvirginia";"aks-subnet";"/subscriptions/a3ad3fff-f3c5-46cf-ac18-d384307648f8/resourceGroups/MC_myResourceGroup_myk8cluster_usgovvirginia/providers/Microsoft.Network/virtualNetworks/aks-vnet-30503371/subnets/aks-subnet";"10.224.0.0";"16";"255.255.0.0";"10.224.0.0 - 10.224.255.255";"2";"65529";"0 %";"False";"Disabled";"Enabled";"0";"";"";"/subscriptions/a3ad3fff-f3c5-46cf-ac18-d384307648f8/resourceGroups/MC_myResourceGroup_myk8cluster_usgovvirginia/providers/Microsoft.Network/networkSecurityGroups/aks-agentpool-30503371-nsg";"@{id=/subscriptions/a3ad3fff-f3c5-46cf-ac18-d384307648f8/resourceGroups/MC_myResourceGroup_myk8cluster_usgovvirginia/providers/Microsoft.Network/routeTables/aks-agentpool-30503371-routetable}";"";"0"
"MTNNet Main Subscription";"a3ad3fff-f3c5-46cf-ac18-d384307648f8";"80c5c29b-f6c2-457b-af54-603a8d840878";"Burke-VNet";"/subscriptions/a3ad3fff-f3c5-46cf-ac18-d384307648f8/resourceGroups/rg-brooks/providers/Microsoft.Network/virtualNetworks/Burke-VNet";"rg-brooks";"usgovvirginia";"AzureBastionSubnet";"/subscriptions/a3ad3fff-f3c5-46cf-ac18-d384307648f8/resourceGroups/rg-brooks/providers/Microsoft.Network/virtualNetworks/Burke-VNet/subnets/AzureBastionSubnet";"192.168.0.192";"26";"255.255.255.192";"192.168.0.192 - 192.168.0.255";"1";"58";"1.7 %";"False";"Disabled";"Enabled";"0";"";"";;;"";"0"
"MTNNet Main Subscription";"a3ad3fff-f3c5-46cf-ac18-d384307648f8";"80c5c29b-f6c2-457b-af54-603a8d840878";"Burke-VNet";"/subscriptions/a3ad3fff-f3c5-46cf-ac18-d384307648f8/resourceGroups/rg-brooks/providers/Microsoft.Network/virtualNetworks/Burke-VNet";"rg-brooks";"usgovvirginia";"Mgmt";"/subscriptions/a3ad3fff-f3c5-46cf-ac18-d384307648f8/resourceGroups/rg-brooks/providers/Microsoft.Network/virtualNetworks/Burke-VNet/subnets/Mgmt";"192.168.0.0";"29";"255.255.255.248";"192.168.0.0 - 192.168.0.7";"1";"2";"33.3 %";"False";"Disabled";"Enabled";"0";"";"";;;"";"0"
"MTNNet Main Subscription";"a3ad3fff-f3c5-46cf-ac18-d384307648f8";"80c5c29b-f6c2-457b-af54-603a8d840878";"fury-demo-vnet";"/subscriptions/a3ad3fff-f3c5-46cf-ac18-d384307648f8/resourceGroups/fury-demo/providers/Microsoft.Network/virtualNetworks/fury-demo-vnet";"fury-demo";"usgovvirginia";"AzureBastionSubnet";"/subscriptions/a3ad3fff-f3c5-46cf-ac18-d384307648f8/resourceGroups/fury-demo/providers/Microsoft.Network/virtualNetworks/fury-demo-vnet/subnets/AzureBastionSubnet";"10.3.1.0";"26";"255.255.255.192";"10.3.1.0 - 10.3.1.63";"1";"58";"1.7 %";"False";"Enabled";"Enabled";"0";"";"";;;"";"0"
"MTNNet Main Subscription";"a3ad3fff-f3c5-46cf-ac18-d384307648f8";"80c5c29b-f6c2-457b-af54-603a8d840878";"fury-demo-vnet";"/subscriptions/a3ad3fff-f3c5-46cf-ac18-d384307648f8/resourceGroups/fury-demo/providers/Microsoft.Network/virtualNetworks/fury-demo-vnet";"fury-demo";"usgovvirginia";"default";"/subscriptions/a3ad3fff-f3c5-46cf-ac18-d384307648f8/resourceGroups/fury-demo/providers/Microsoft.Network/virtualNetworks/fury-demo-vnet/subnets/default";"10.3.0.0";"24";"255.255.255.0";"10.3.0.0 - 10.3.0.255";"3";"248";"1.2 %";"False";"Enabled";"Enabled";"0";"";"";;;"";"0"
"MTNNet Main Subscription";"a3ad3fff-f3c5-46cf-ac18-d384307648f8";"80c5c29b-f6c2-457b-af54-603a8d840878";"mlz-vnet-AVD";"/subscriptions/a3ad3fff-f3c5-46cf-ac18-d384307648f8/resourceGroups/mlz-rg-AVD-test/providers/Microsoft.Network/virtualNetworks/mlz-vnet-AVD";"mlz-rg-AVD-test";"usgovvirginia";"subnet1";"/subscriptions/a3ad3fff-f3c5-46cf-ac18-d384307648f8/resourceGroups/mlz-rg-AVD-test/providers/Microsoft.Network/virtualNetworks/mlz-vnet-AVD/subnets/subnet1";"10.0.125.0";"26";"255.255.255.192";"10.0.125.0 - 10.0.125.63";"3";"56";"5.1 %";"False";"Disabled";"Enabled";"1";"Microsoft.KeyVault (*)";"";;"@{id=/subscriptions/a3ad3fff-f3c5-46cf-ac18-d384307648f8/resourceGroups/mlz-rg-AVD-test/providers/Microsoft.Network/routeTables/mlz-snet-avd-routetable}";"";"0"
"MTNNet Main Subscription";"a3ad3fff-f3c5-46cf-ac18-d384307648f8";"80c5c29b-f6c2-457b-af54-603a8d840878";"mlz-vnet-hub-test";"/subscriptions/a3ad3fff-f3c5-46cf-ac18-d384307648f8/resourceGroups/mlz-rg-hub-test/providers/Microsoft.Network/virtualNetworks/mlz-vnet-hub-test";"mlz-rg-hub-test";"usgovvirginia";"AzureBastionSubnet";"/subscriptions/a3ad3fff-f3c5-46cf-ac18-d384307648f8/resourceGroups/mlz-rg-hub-test/providers/Microsoft.Network/virtualNetworks/mlz-vnet-hub-test/subnets/AzureBastionSubnet";"10.0.100.192";"26";"255.255.255.192";"10.0.100.192 - 10.0.100.255";"1";"58";"1.7 %";"False";"Disabled";"Enabled";"1";"Microsoft.KeyVault (*)";"";;;"";"0"
"MTNNet Main Subscription";"a3ad3fff-f3c5-46cf-ac18-d384307648f8";"80c5c29b-f6c2-457b-af54-603a8d840878";"mlz-vnet-hub-test";"/subscriptions/a3ad3fff-f3c5-46cf-ac18-d384307648f8/resourceGroups/mlz-rg-hub-test/providers/Microsoft.Network/virtualNetworks/mlz-vnet-hub-test";"mlz-rg-hub-test";"usgovvirginia";"AzureFirewallManagementSubnet";"/subscriptions/a3ad3fff-f3c5-46cf-ac18-d384307648f8/resourceGroups/mlz-rg-hub-test/providers/Microsoft.Network/virtualNetworks/mlz-vnet-hub-test/subnets/AzureFirewallManagementSubnet";"10.0.100.0";"26";"255.255.255.192";"10.0.100.0 - 10.0.100.63";"4";"55";"6.8 %";"False";"Disabled";"Enabled";"1";"Microsoft.KeyVault (*)";"";;"@{id=/subscriptions/a3ad3fff-f3c5-46cf-ac18-d384307648f8/resourceGroups/mlz-rg-hub-test/providers/Microsoft.Network/routeTables/ace19ec5-16e7-4e34-b192-a28d37c0401e}";"";"0"
"MTNNet Main Subscription";"a3ad3fff-f3c5-46cf-ac18-d384307648f8";"80c5c29b-f6c2-457b-af54-603a8d840878";"mlz-vnet-hub-test";"/subscriptions/a3ad3fff-f3c5-46cf-ac18-d384307648f8/resourceGroups/mlz-rg-hub-test/providers/Microsoft.Network/virtualNetworks/mlz-vnet-hub-test";"mlz-rg-hub-test";"usgovvirginia";"AzureFirewallSubnet";"/subscriptions/a3ad3fff-f3c5-46cf-ac18-d384307648f8/resourceGroups/mlz-rg-hub-test/providers/Microsoft.Network/virtualNetworks/mlz-vnet-hub-test/subnets/AzureFirewallSubnet";"10.0.100.64";"26";"255.255.255.192";"10.0.100.64 - 10.0.100.127";"1";"58";"1.7 %";"False";"Disabled";"Enabled";"1";"Microsoft.KeyVault (*)";"";;;"";"0"
"MTNNet Main Subscription";"a3ad3fff-f3c5-46cf-ac18-d384307648f8";"80c5c29b-f6c2-457b-af54-603a8d840878";"mlz-vnet-hub-test";"/subscriptions/a3ad3fff-f3c5-46cf-ac18-d384307648f8/resourceGroups/mlz-rg-hub-test/providers/Microsoft.Network/virtualNetworks/mlz-vnet-hub-test";"mlz-rg-hub-test";"usgovvirginia";"mlz-snet-hub-test";"/subscriptions/a3ad3fff-f3c5-46cf-ac18-d384307648f8/resourceGroups/mlz-rg-hub-test/providers/Microsoft.Network/virtualNetworks/mlz-vnet-hub-test/subnets/mlz-snet-hub-test";"10.0.100.128";"27";"255.255.255.224";"10.0.100.128 - 10.0.100.159";"11";"16";"40.7 %";"False";"Disabled";"Enabled";"2";"Microsoft.Storage (usgoviowa, usgovtexas, usgovvirginia), Microsoft.KeyVault (*)";"";"/subscriptions/a3ad3fff-f3c5-46cf-ac18-d384307648f8/resourceGroups/mlz-rg-hub-test/providers/Microsoft.Network/networkSecurityGroups/mlz-nsg-hub-test";"@{id=/subscriptions/a3ad3fff-f3c5-46cf-ac18-d384307648f8/resourceGroups/mlz-rg-hub-test/providers/Microsoft.Network/routeTables/mlz-snet-hub-test-routetable}";"";"1"
"MTNNet Main Subscription";"a3ad3fff-f3c5-46cf-ac18-d384307648f8";"80c5c29b-f6c2-457b-af54-603a8d840878";"mlz-vnet-identity-test";"/subscriptions/a3ad3fff-f3c5-46cf-ac18-d384307648f8/resourceGroups/mlz-rg-identity-test/providers/Microsoft.Network/virtualNetworks/mlz-vnet-identity-test";"mlz-rg-identity-test";"usgovvirginia";"mlz-snet-identity-test";"/subscriptions/a3ad3fff-f3c5-46cf-ac18-d384307648f8/resourceGroups/mlz-rg-identity-test/providers/Microsoft.Network/virtualNetworks/mlz-vnet-identity-test/subnets/mlz-snet-identity-test";"10.0.110.0";"27";"255.255.255.224";"10.0.110.0 - 10.0.110.31";"2";"25";"7.4 %";"False";"Disabled";"Enabled";"2";"Microsoft.Storage (usgoviowa, usgovtexas, usgovvirginia), Microsoft.KeyVault (*)";"";"/subscriptions/a3ad3fff-f3c5-46cf-ac18-d384307648f8/resourceGroups/mlz-rg-identity-test/providers/Microsoft.Network/networkSecurityGroups/mlz-nsg-identity-test";"@{id=/subscriptions/a3ad3fff-f3c5-46cf-ac18-d384307648f8/resourceGroups/mlz-rg-identity-test/providers/Microsoft.Network/routeTables/mlz-snet-identity-test-routetable}";"";"1"
"MTNNet Main Subscription";"a3ad3fff-f3c5-46cf-ac18-d384307648f8";"80c5c29b-f6c2-457b-af54-603a8d840878";"mlz-vnet-operations-test";"/subscriptions/a3ad3fff-f3c5-46cf-ac18-d384307648f8/resourceGroups/mlz-rg-operations-test/providers/Microsoft.Network/virtualNetworks/mlz-vnet-operations-test";"mlz-rg-operations-test";"usgovvirginia";"mlz-snet-operations-test";"/subscriptions/a3ad3fff-f3c5-46cf-ac18-d384307648f8/resourceGroups/mlz-rg-operations-test/providers/Microsoft.Network/virtualNetworks/mlz-vnet-operations-test/subnets/mlz-snet-operations-test";"10.0.115.0";"27";"255.255.255.224";"10.0.115.0 - 10.0.115.31";"0";"27";"0 %";"False";"Disabled";"Enabled";"2";"Microsoft.Storage (usgoviowa, usgovtexas, usgovvirginia), Microsoft.KeyVault (*)";"";"/subscriptions/a3ad3fff-f3c5-46cf-ac18-d384307648f8/resourceGroups/mlz-rg-operations-test/providers/Microsoft.Network/networkSecurityGroups/mlz-nsg-operations-test";"@{id=/subscriptions/a3ad3fff-f3c5-46cf-ac18-d384307648f8/resourceGroups/mlz-rg-operations-test/providers/Microsoft.Network/routeTables/mlz-snet-operations-test-routetable}";"";"0"
"MTNNet Main Subscription";"a3ad3fff-f3c5-46cf-ac18-d384307648f8";"80c5c29b-f6c2-457b-af54-603a8d840878";"mlz-vnet-sandbox";"/subscriptions/a3ad3fff-f3c5-46cf-ac18-d384307648f8/resourceGroups/mlz-rg-sandbox/providers/Microsoft.Network/virtualNetworks/mlz-vnet-sandbox";"mlz-rg-sandbox";"usgovvirginia";"subnet0";"/subscriptions/a3ad3fff-f3c5-46cf-ac18-d384307648f8/resourceGroups/mlz-rg-sandbox/providers/Microsoft.Network/virtualNetworks/mlz-vnet-sandbox/subnets/subnet0";"10.0.122.0";"26";"255.255.255.192";"10.0.122.0 - 10.0.122.63";"2";"57";"3.4 %";"False";"Disabled";"Enabled";"1";"Microsoft.KeyVault (*)";"";"/subscriptions/a3ad3fff-f3c5-46cf-ac18-d384307648f8/resourceGroups/mlz-rg-sandbox/providers/Microsoft.Network/networkSecurityGroups/mlz-nsg-sandbox";"@{id=/subscriptions/a3ad3fff-f3c5-46cf-ac18-d384307648f8/resourceGroups/mlz-rg-sandbox/providers/Microsoft.Network/routeTables/mlz-snet-sandbox-routetable}";"";"1"
"MTNNet Main Subscription";"a3ad3fff-f3c5-46cf-ac18-d384307648f8";"80c5c29b-f6c2-457b-af54-603a8d840878";"mlz-vnet-sandbox";"/subscriptions/a3ad3fff-f3c5-46cf-ac18-d384307648f8/resourceGroups/mlz-rg-sandbox/providers/Microsoft.Network/virtualNetworks/mlz-vnet-sandbox";"mlz-rg-sandbox";"usgovvirginia";"subnet1";"/subscriptions/a3ad3fff-f3c5-46cf-ac18-d384307648f8/resourceGroups/mlz-rg-sandbox/providers/Microsoft.Network/virtualNetworks/mlz-vnet-sandbox/subnets/subnet1";"10.0.122.64";"26";"255.255.255.192";"10.0.122.64 - 10.0.122.127";"1";"58";"1.7 %";"False";"Disabled";"Enabled";"1";"Microsoft.KeyVault (*)";"";"/subscriptions/a3ad3fff-f3c5-46cf-ac18-d384307648f8/resourceGroups/mlz-rg-sandbox/providers/Microsoft.Network/networkSecurityGroups/mlz-nsg-sandbox";"@{id=/subscriptions/a3ad3fff-f3c5-46cf-ac18-d384307648f8/resourceGroups/mlz-rg-sandbox/providers/Microsoft.Network/routeTables/mlz-snet-sandbox-routetable}";"";"0"
"MTNNet Main Subscription";"a3ad3fff-f3c5-46cf-ac18-d384307648f8";"80c5c29b-f6c2-457b-af54-603a8d840878";"mlz-vnet-sandbox";"/subscriptions/a3ad3fff-f3c5-46cf-ac18-d384307648f8/resourceGroups/mlz-rg-sandbox/providers/Microsoft.Network/virtualNetworks/mlz-vnet-sandbox";"mlz-rg-sandbox";"usgovvirginia";"subnet2";"/subscriptions/a3ad3fff-f3c5-46cf-ac18-d384307648f8/resourceGroups/mlz-rg-sandbox/providers/Microsoft.Network/virtualNetworks/mlz-vnet-sandbox/subnets/subnet2";"10.0.122.128";"26";"255.255.255.192";"10.0.122.128 - 10.0.122.191";"1";"58";"1.7 %";"False";"Disabled";"Enabled";"1";"Microsoft.KeyVault (*)";"";"/subscriptions/a3ad3fff-f3c5-46cf-ac18-d384307648f8/resourceGroups/mlz-rg-sandbox/providers/Microsoft.Network/networkSecurityGroups/mlz-nsg-sandbox";"@{id=/subscriptions/a3ad3fff-f3c5-46cf-ac18-d384307648f8/resourceGroups/mlz-rg-sandbox/providers/Microsoft.Network/routeTables/mlz-snet-sandbox-routetable}";"";"0"
"MTNNet Main Subscription";"a3ad3fff-f3c5-46cf-ac18-d384307648f8";"80c5c29b-f6c2-457b-af54-603a8d840878";"mlz-vnet-sharedServices-test";"/subscriptions/a3ad3fff-f3c5-46cf-ac18-d384307648f8/resourceGroups/mlz-rg-sharedServices-test/providers/Microsoft.Network/virtualNetworks/mlz-vnet-sharedServices-test";"mlz-rg-sharedServices-test";"usgovvirginia";"mlz-snet-sharedServices-test";"/subscriptions/a3ad3fff-f3c5-46cf-ac18-d384307648f8/resourceGroups/mlz-rg-sharedServices-test/providers/Microsoft.Network/virtualNetworks/mlz-vnet-sharedServices-test/subnets/mlz-snet-sharedServices-test";"10.0.120.0";"27";"255.255.255.224";"10.0.120.0 - 10.0.120.31";"0";"27";"0 %";"False";"Disabled";"Enabled";"2";"Microsoft.Storage (usgoviowa, usgovtexas, usgovvirginia), Microsoft.KeyVault (*)";"";"/subscriptions/a3ad3fff-f3c5-46cf-ac18-d384307648f8/resourceGroups/mlz-rg-sharedServices-test/providers/Microsoft.Network/networkSecurityGroups/mlz-nsg-sharedServices-test";"@{id=/subscriptions/a3ad3fff-f3c5-46cf-ac18-d384307648f8/resourceGroups/mlz-rg-sharedServices-test/providers/Microsoft.Network/routeTables/mlz-snet-sharedServices-test-routetable}";"";"0"
"MTNNet Main Subscription";"a3ad3fff-f3c5-46cf-ac18-d384307648f8";"80c5c29b-f6c2-457b-af54-603a8d840878";"scanny-vnet-hub-dev";"/subscriptions/a3ad3fff-f3c5-46cf-ac18-d384307648f8/resourceGroups/scanny-rg-hub-dev/providers/Microsoft.Network/virtualNetworks/scanny-vnet-hub-dev";"scanny-rg-hub-dev";"usgovvirginia";"AzureFirewallManagementSubnet";"/subscriptions/a3ad3fff-f3c5-46cf-ac18-d384307648f8/resourceGroups/scanny-rg-hub-dev/providers/Microsoft.Network/virtualNetworks/scanny-vnet-hub-dev/subnets/AzureFirewallManagementSubnet";"10.0.100.0";"26";"255.255.255.192";"10.0.100.0 - 10.0.100.63";"4";"55";"6.8 %";"False";"Disabled";"Enabled";"0";"";"";;"@{id=/subscriptions/a3ad3fff-f3c5-46cf-ac18-d384307648f8/resourceGroups/scanny-rg-hub-dev/providers/Microsoft.Network/routeTables/c883514f-c95b-4c14-8029-067c626ade32}";"";"0"
"MTNNet Main Subscription";"a3ad3fff-f3c5-46cf-ac18-d384307648f8";"80c5c29b-f6c2-457b-af54-603a8d840878";"scanny-vnet-hub-dev";"/subscriptions/a3ad3fff-f3c5-46cf-ac18-d384307648f8/resourceGroups/scanny-rg-hub-dev/providers/Microsoft.Network/virtualNetworks/scanny-vnet-hub-dev";"scanny-rg-hub-dev";"usgovvirginia";"AzureFirewallSubnet";"/subscriptions/a3ad3fff-f3c5-46cf-ac18-d384307648f8/resourceGroups/scanny-rg-hub-dev/providers/Microsoft.Network/virtualNetworks/scanny-vnet-hub-dev/subnets/AzureFirewallSubnet";"10.0.100.64";"26";"255.255.255.192";"10.0.100.64 - 10.0.100.127";"1";"58";"1.7 %";"False";"Disabled";"Enabled";"0";"";"";;;"";"0"
"MTNNet Main Subscription";"a3ad3fff-f3c5-46cf-ac18-d384307648f8";"80c5c29b-f6c2-457b-af54-603a8d840878";"scanny-vnet-hub-dev";"/subscriptions/a3ad3fff-f3c5-46cf-ac18-d384307648f8/resourceGroups/scanny-rg-hub-dev/providers/Microsoft.Network/virtualNetworks/scanny-vnet-hub-dev";"scanny-rg-hub-dev";"usgovvirginia";"scanny-snet-hub-dev";"/subscriptions/a3ad3fff-f3c5-46cf-ac18-d384307648f8/resourceGroups/scanny-rg-hub-dev/providers/Microsoft.Network/virtualNetworks/scanny-vnet-hub-dev/subnets/scanny-snet-hub-dev";"10.0.100.128";"27";"255.255.255.224";"10.0.100.128 - 10.0.100.159";"10";"17";"37 %";"False";"Disabled";"Enabled";"1";"Microsoft.Storage (usgoviowa, usgovtexas, usgovvirginia)";"";"/subscriptions/a3ad3fff-f3c5-46cf-ac18-d384307648f8/resourceGroups/scanny-rg-hub-dev/providers/Microsoft.Network/networkSecurityGroups/scanny-nsg-hub-dev";"@{id=/subscriptions/a3ad3fff-f3c5-46cf-ac18-d384307648f8/resourceGroups/scanny-rg-hub-dev/providers/Microsoft.Network/routeTables/scanny-snet-hub-dev-routetable}";"";"1"
"MTNNet Main Subscription";"a3ad3fff-f3c5-46cf-ac18-d384307648f8";"80c5c29b-f6c2-457b-af54-603a8d840878";"scanny-vnet-identity-dev";"/subscriptions/a3ad3fff-f3c5-46cf-ac18-d384307648f8/resourceGroups/scanny-rg-identity-dev/providers/Microsoft.Network/virtualNetworks/scanny-vnet-identity-dev";"scanny-rg-identity-dev";"usgovvirginia";"scanny-snet-identity-dev";"/subscriptions/a3ad3fff-f3c5-46cf-ac18-d384307648f8/resourceGroups/scanny-rg-identity-dev/providers/Microsoft.Network/virtualNetworks/scanny-vnet-identity-dev/subnets/scanny-snet-identity-dev";"10.0.110.0";"27";"255.255.255.224";"10.0.110.0 - 10.0.110.31";"0";"27";"0 %";"False";"Disabled";"Enabled";"1";"Microsoft.Storage (usgoviowa, usgovtexas, usgovvirginia)";"";"/subscriptions/a3ad3fff-f3c5-46cf-ac18-d384307648f8/resourceGroups/scanny-rg-identity-dev/providers/Microsoft.Network/networkSecurityGroups/scanny-nsg-identity-dev";"@{id=/subscriptions/a3ad3fff-f3c5-46cf-ac18-d384307648f8/resourceGroups/scanny-rg-identity-dev/providers/Microsoft.Network/routeTables/scanny-snet-identity-dev-routetable}";"";"0"
"MTNNet Main Subscription";"a3ad3fff-f3c5-46cf-ac18-d384307648f8";"80c5c29b-f6c2-457b-af54-603a8d840878";"scanny-vnet-operations-dev";"/subscriptions/a3ad3fff-f3c5-46cf-ac18-d384307648f8/resourceGroups/scanny-rg-operations-dev/providers/Microsoft.Network/virtualNetworks/scanny-vnet-operations-dev";"scanny-rg-operations-dev";"usgovvirginia";"scanny-snet-operations-dev";"/subscriptions/a3ad3fff-f3c5-46cf-ac18-d384307648f8/resourceGroups/scanny-rg-operations-dev/providers/Microsoft.Network/virtualNetworks/scanny-vnet-operations-dev/subnets/scanny-snet-operations-dev";"10.0.115.0";"27";"255.255.255.224";"10.0.115.0 - 10.0.115.31";"0";"27";"0 %";"False";"Disabled";"Enabled";"1";"Microsoft.Storage (usgoviowa, usgovtexas, usgovvirginia)";"";"/subscriptions/a3ad3fff-f3c5-46cf-ac18-d384307648f8/resourceGroups/scanny-rg-operations-dev/providers/Microsoft.Network/networkSecurityGroups/scanny-nsg-operations-dev";"@{id=/subscriptions/a3ad3fff-f3c5-46cf-ac18-d384307648f8/resourceGroups/scanny-rg-operations-dev/providers/Microsoft.Network/routeTables/scanny-snet-operations-dev-routetable}";"";"0"
"MTNNet Main Subscription";"a3ad3fff-f3c5-46cf-ac18-d384307648f8";"80c5c29b-f6c2-457b-af54-603a8d840878";"scanny-vnet-sharedServices-dev";"/subscriptions/a3ad3fff-f3c5-46cf-ac18-d384307648f8/resourceGroups/scanny-rg-sharedServices-dev/providers/Microsoft.Network/virtualNetworks/scanny-vnet-sharedServices-dev";"scanny-rg-sharedServices-dev";"usgovvirginia";"scanny-snet-sharedServices-dev";"/subscriptions/a3ad3fff-f3c5-46cf-ac18-d384307648f8/resourceGroups/scanny-rg-sharedServices-dev/providers/Microsoft.Network/virtualNetworks/scanny-vnet-sharedServices-dev/subnets/scanny-snet-sharedServices-dev";"10.0.120.0";"27";"255.255.255.224";"10.0.120.0 - 10.0.120.31";"0";"27";"0 %";"False";"Disabled";"Enabled";"1";"Microsoft.Storage (usgoviowa, usgovtexas, usgovvirginia)";"";"/subscriptions/a3ad3fff-f3c5-46cf-ac18-d384307648f8/resourceGroups/scanny-rg-sharedServices-dev/providers/Microsoft.Network/networkSecurityGroups/scanny-nsg-sharedServices-dev";"@{id=/subscriptions/a3ad3fff-f3c5-46cf-ac18-d384307648f8/resourceGroups/scanny-rg-sharedServices-dev/providers/Microsoft.Network/routeTables/scanny-snet-sharedServices-dev-routetable}";"";"0"
"MTNNet Main Subscription";"a3ad3fff-f3c5-46cf-ac18-d384307648f8";"80c5c29b-f6c2-457b-af54-603a8d840878";"serg-obfuscation-lz-hub-vnet";"/subscriptions/a3ad3fff-f3c5-46cf-ac18-d384307648f8/resourceGroups/serg-obfuscation-lz-hub-rg/providers/Microsoft.Network/virtualNetworks/serg-obfuscation-lz-hub-vnet";"serg-obfuscation-lz-hub-rg";"usgovvirginia";"AzureBastionSubnet";"/subscriptions/a3ad3fff-f3c5-46cf-ac18-d384307648f8/resourceGroups/serg-obfuscation-lz-hub-rg/providers/Microsoft.Network/virtualNetworks/serg-obfuscation-lz-hub-vnet/subnets/AzureBastionSubnet";"10.82.0.0";"26";"255.255.255.192";"10.82.0.0 - 10.82.0.63";"1";"58";"1.7 %";"False";"Enabled";"Enabled";"0";"";"";;;"";"0"
"MTNNet Main Subscription";"a3ad3fff-f3c5-46cf-ac18-d384307648f8";"80c5c29b-f6c2-457b-af54-603a8d840878";"serg-obfuscation-lz-hub-vnet";"/subscriptions/a3ad3fff-f3c5-46cf-ac18-d384307648f8/resourceGroups/serg-obfuscation-lz-hub-rg/providers/Microsoft.Network/virtualNetworks/serg-obfuscation-lz-hub-vnet";"serg-obfuscation-lz-hub-rg";"usgovvirginia";"AzureFirewallManagementSubnet";"/subscriptions/a3ad3fff-f3c5-46cf-ac18-d384307648f8/resourceGroups/serg-obfuscation-lz-hub-rg/providers/Microsoft.Network/virtualNetworks/serg-obfuscation-lz-hub-vnet/subnets/AzureFirewallManagementSubnet";"10.82.0.192";"26";"255.255.255.192";"10.82.0.192 - 10.82.0.255";"4";"55";"6.8 %";"False";"Enabled";"Enabled";"0";"";"";;"@{id=/subscriptions/a3ad3fff-f3c5-46cf-ac18-d384307648f8/resourceGroups/serg-obfuscation-lz-hub-rg/providers/Microsoft.Network/routeTables/317c8e2c-b552-4ee8-ba71-b0433c387345}";"";"0"
"MTNNet Main Subscription";"a3ad3fff-f3c5-46cf-ac18-d384307648f8";"80c5c29b-f6c2-457b-af54-603a8d840878";"serg-obfuscation-lz-hub-vnet";"/subscriptions/a3ad3fff-f3c5-46cf-ac18-d384307648f8/resourceGroups/serg-obfuscation-lz-hub-rg/providers/Microsoft.Network/virtualNetworks/serg-obfuscation-lz-hub-vnet";"serg-obfuscation-lz-hub-rg";"usgovvirginia";"AzureFirewallSubnet";"/subscriptions/a3ad3fff-f3c5-46cf-ac18-d384307648f8/resourceGroups/serg-obfuscation-lz-hub-rg/providers/Microsoft.Network/virtualNetworks/serg-obfuscation-lz-hub-vnet/subnets/AzureFirewallSubnet";"10.82.0.128";"26";"255.255.255.192";"10.82.0.128 - 10.82.0.191";"1";"58";"1.7 %";"False";"Enabled";"Enabled";"0";"";"";;;"";"0"
"MTNNet Main Subscription";"a3ad3fff-f3c5-46cf-ac18-d384307648f8";"80c5c29b-f6c2-457b-af54-603a8d840878";"serg-obfuscation-lz-hub-vnet";"/subscriptions/a3ad3fff-f3c5-46cf-ac18-d384307648f8/resourceGroups/serg-obfuscation-lz-hub-rg/providers/Microsoft.Network/virtualNetworks/serg-obfuscation-lz-hub-vnet";"serg-obfuscation-lz-hub-rg";"usgovvirginia";"GatewaySubnet";"/subscriptions/a3ad3fff-f3c5-46cf-ac18-d384307648f8/resourceGroups/serg-obfuscation-lz-hub-rg/providers/Microsoft.Network/virtualNetworks/serg-obfuscation-lz-hub-vnet/subnets/GatewaySubnet";"10.82.0.64";"26";"255.255.255.192";"10.82.0.64 - 10.82.0.127";"1";"58";"1.7 %";"False";"Enabled";"Enabled";"0";"";"";;"@{id=/subscriptions/a3ad3fff-f3c5-46cf-ac18-d384307648f8/resourceGroups/serg-obfuscation-lz-hub-rg/providers/Microsoft.Network/routeTables/serg-obfuscation-lz-spoke-va01-hub-gatewaysubnet-rt}";"";"0"
"MTNNet Main Subscription";"a3ad3fff-f3c5-46cf-ac18-d384307648f8";"80c5c29b-f6c2-457b-af54-603a8d840878";"serg-obfuscation-lz-hub-vnet";"/subscriptions/a3ad3fff-f3c5-46cf-ac18-d384307648f8/resourceGroups/serg-obfuscation-lz-hub-rg/providers/Microsoft.Network/virtualNetworks/serg-obfuscation-lz-hub-vnet";"serg-obfuscation-lz-hub-rg";"usgovvirginia";"JumpBoxSubnet";"/subscriptions/a3ad3fff-f3c5-46cf-ac18-d384307648f8/resourceGroups/serg-obfuscation-lz-hub-rg/providers/Microsoft.Network/virtualNetworks/serg-obfuscation-lz-hub-vnet/subnets/JumpBoxSubnet";"10.82.1.64";"26";"255.255.255.192";"10.82.1.64 - 10.82.1.127";"0";"59";"0 %";"False";"Enabled";"Enabled";"0";"";"";;"@{id=/subscriptions/a3ad3fff-f3c5-46cf-ac18-d384307648f8/resourceGroups/serg-obfuscation-lz-hub-rg/providers/Microsoft.Network/routeTables/serg-obfuscation-lz-spoke-va01-hub-jbsubnet-rt}";"";"0"
"MTNNet Main Subscription";"a3ad3fff-f3c5-46cf-ac18-d384307648f8";"80c5c29b-f6c2-457b-af54-603a8d840878";"serg-obfuscation-lz-hub-vnet";"/subscriptions/a3ad3fff-f3c5-46cf-ac18-d384307648f8/resourceGroups/serg-obfuscation-lz-hub-rg/providers/Microsoft.Network/virtualNetworks/serg-obfuscation-lz-hub-vnet";"serg-obfuscation-lz-hub-rg";"usgovvirginia";"NATGateway";"/subscriptions/a3ad3fff-f3c5-46cf-ac18-d384307648f8/resourceGroups/serg-obfuscation-lz-hub-rg/providers/Microsoft.Network/virtualNetworks/serg-obfuscation-lz-hub-vnet/subnets/NATGateway";"10.82.1.128";"26";"255.255.255.192";"10.82.1.128 - 10.82.1.191";"0";"59";"0 %";"False";"Disabled";"Enabled";"0";"";"";;;"";"0"
"MTNNet Main Subscription";"a3ad3fff-f3c5-46cf-ac18-d384307648f8";"80c5c29b-f6c2-457b-af54-603a8d840878";"serg-obfuscation-lz-hub-vnet";"/subscriptions/a3ad3fff-f3c5-46cf-ac18-d384307648f8/resourceGroups/serg-obfuscation-lz-hub-rg/providers/Microsoft.Network/virtualNetworks/serg-obfuscation-lz-hub-vnet";"serg-obfuscation-lz-hub-rg";"usgovvirginia";"RouteServerSubnet";"/subscriptions/a3ad3fff-f3c5-46cf-ac18-d384307648f8/resourceGroups/serg-obfuscation-lz-hub-rg/providers/Microsoft.Network/virtualNetworks/serg-obfuscation-lz-hub-vnet/subnets/RouteServerSubnet";"10.82.1.0";"26";"255.255.255.192";"10.82.1.0 - 10.82.1.63";"0";"59";"0 %";"False";"Enabled";"Enabled";"0";"";"";;;"";"0"
"MTNNet Main Subscription";"a3ad3fff-f3c5-46cf-ac18-d384307648f8";"80c5c29b-f6c2-457b-af54-603a8d840878";"serg-obfuscation-lz-spoke-va01-tier0-vnet";"/subscriptions/a3ad3fff-f3c5-46cf-ac18-d384307648f8/resourceGroups/serg-obfuscation-lz-spoke-va01-tier0-rg/providers/Microsoft.Network/virtualNetworks/serg-obfuscation-lz-spoke-va01-tier0-vnet";"serg-obfuscation-lz-spoke-va01-tier0-rg";"usgovvirginia";"Tier0-01-ClassC";"/subscriptions/a3ad3fff-f3c5-46cf-ac18-d384307648f8/resourceGroups/serg-obfuscation-lz-spoke-va01-tier0-rg/providers/Microsoft.Network/virtualNetworks/serg-obfuscation-lz-spoke-va01-tier0-vnet/subnets/Tier0-01-ClassC";"10.82.16.0";"24";"255.255.255.0";"10.82.16.0 - 10.82.16.255";"0";"251";"0 %";"False";"Enabled";"Enabled";"0";"";"";;;"";"0"
"MTNNet Main Subscription";"a3ad3fff-f3c5-46cf-ac18-d384307648f8";"80c5c29b-f6c2-457b-af54-603a8d840878";"serg-obfuscation-lz-spoke-va02-tier1-vnet";"/subscriptions/a3ad3fff-f3c5-46cf-ac18-d384307648f8/resourceGroups/serg-obfuscation-lz-spoke-va02-tier1-rg/providers/Microsoft.Network/virtualNetworks/serg-obfuscation-lz-spoke-va02-tier1-vnet";"serg-obfuscation-lz-spoke-va02-tier1-rg";"usgovvirginia";"Tier1-ClassC";"/subscriptions/a3ad3fff-f3c5-46cf-ac18-d384307648f8/resourceGroups/serg-obfuscation-lz-spoke-va02-tier1-rg/providers/Microsoft.Network/virtualNetworks/serg-obfuscation-lz-spoke-va02-tier1-vnet/subnets/Tier1-ClassC";"10.82.32.0";"24";"255.255.255.0";"10.82.32.0 - 10.82.32.255";"0";"251";"0 %";"False";"Enabled";"Enabled";"0";"";"";;;"";"0"
"MTNNet Main Subscription";"a3ad3fff-f3c5-46cf-ac18-d384307648f8";"80c5c29b-f6c2-457b-af54-603a8d840878";"serg-obfuscation-lz-spoke-va02-tier3-vnet";"/subscriptions/a3ad3fff-f3c5-46cf-ac18-d384307648f8/resourceGroups/serg-obfuscation-lz-spoke-va01-tier3-rg/providers/Microsoft.Network/virtualNetworks/serg-obfuscation-lz-spoke-va02-tier3-vnet";"serg-obfuscation-lz-spoke-va01-tier3-rg";"usgovvirginia";"ApplicationGateway";"/subscriptions/a3ad3fff-f3c5-46cf-ac18-d384307648f8/resourceGroups/serg-obfuscation-lz-spoke-va01-tier3-rg/providers/Microsoft.Network/virtualNetworks/serg-obfuscation-lz-spoke-va02-tier3-vnet/subnets/ApplicationGateway";"10.82.113.0";"24";"255.255.255.0";"10.82.113.0 - 10.82.113.255";"0";"251";"0 %";"False";"Disabled";"Enabled";"0";"";"";;"@{id=/subscriptions/a3ad3fff-f3c5-46cf-ac18-d384307648f8/resourceGroups/serg-obfuscation-lz-spoke-va01-tier3-rg/providers/Microsoft.Network/routeTables/serg-obfuscation-lz-spoke-va01-tier3-minted-ag-rt}";"";"0"
"MTNNet Main Subscription";"a3ad3fff-f3c5-46cf-ac18-d384307648f8";"80c5c29b-f6c2-457b-af54-603a8d840878";"serg-obfuscation-lz-spoke-va02-tier3-vnet";"/subscriptions/a3ad3fff-f3c5-46cf-ac18-d384307648f8/resourceGroups/serg-obfuscation-lz-spoke-va01-tier3-rg/providers/Microsoft.Network/virtualNetworks/serg-obfuscation-lz-spoke-va02-tier3-vnet";"serg-obfuscation-lz-spoke-va01-tier3-rg";"usgovvirginia";"MintedSubnet";"/subscriptions/a3ad3fff-f3c5-46cf-ac18-d384307648f8/resourceGroups/serg-obfuscation-lz-spoke-va01-tier3-rg/providers/Microsoft.Network/virtualNetworks/serg-obfuscation-lz-spoke-va02-tier3-vnet/subnets/MintedSubnet";"10.82.112.0";"24";"255.255.255.0";"10.82.112.0 - 10.82.112.255";"2";"249";"0.8 %";"False";"Disabled";"Disabled";"0";"";"";"/subscriptions/a3ad3fff-f3c5-46cf-ac18-d384307648f8/resourceGroups/serg-obfuscation-lz-spoke-va01-tier3-rg/providers/Microsoft.Network/networkSecurityGroups/sergior-minted-webapp-nsg";"@{id=/subscriptions/a3ad3fff-f3c5-46cf-ac18-d384307648f8/resourceGroups/serg-obfuscation-lz-spoke-va01-tier3-rg/providers/Microsoft.Network/routeTables/serg-obfuscation-lz-spoke-va01-tier3-minted-rt}";"";"2"
"MTNNet Main Subscription";"a3ad3fff-f3c5-46cf-ac18-d384307648f8";"80c5c29b-f6c2-457b-af54-603a8d840878";"serg-obfuscation-lz-spoke-va02-tier3-vnet";"/subscriptions/a3ad3fff-f3c5-46cf-ac18-d384307648f8/resourceGroups/serg-obfuscation-lz-spoke-va01-tier3-rg/providers/Microsoft.Network/virtualNetworks/serg-obfuscation-lz-spoke-va02-tier3-vnet";"serg-obfuscation-lz-spoke-va01-tier3-rg";"usgovvirginia";"MintedWebAppIntegrationSubnet";"/subscriptions/a3ad3fff-f3c5-46cf-ac18-d384307648f8/resourceGroups/serg-obfuscation-lz-spoke-va01-tier3-rg/providers/Microsoft.Network/virtualNetworks/serg-obfuscation-lz-spoke-va02-tier3-vnet/subnets/MintedWebAppIntegrationSubnet";"10.82.114.0";"24";"255.255.255.0";"10.82.114.0 - 10.82.114.255";"0";"251";"0 %";"False";"Disabled";"Disabled";"1";"Microsoft.Web (*)";"Microsoft.Web/serverfarms (Microsoft.Network/virtualNetworks/subnets/action)";"/subscriptions/a3ad3fff-f3c5-46cf-ac18-d384307648f8/resourceGroups/serg-obfuscation-lz-spoke-va01-tier3-rg/providers/Microsoft.Network/networkSecurityGroups/sergior-minted-webapp-nsg";"@{id=/subscriptions/a3ad3fff-f3c5-46cf-ac18-d384307648f8/resourceGroups/serg-obfuscation-lz-spoke-va01-tier3-rg/providers/Microsoft.Network/routeTables/serg-obfuscation-lz-spoke-va01-tier3-minted-rt}";"";"0"
"MTNNet Main Subscription";"a3ad3fff-f3c5-46cf-ac18-d384307648f8";"80c5c29b-f6c2-457b-af54-603a8d840878";"vn-avd-Arieavd";"/subscriptions/a3ad3fff-f3c5-46cf-ac18-d384307648f8/resourceGroups/Arie_AVD/providers/Microsoft.Network/virtualNetworks/vn-avd-Arieavd";"Arie_AVD";"usgovvirginia";"avdsubnet";"/subscriptions/a3ad3fff-f3c5-46cf-ac18-d384307648f8/resourceGroups/Arie_AVD/providers/Microsoft.Network/virtualNetworks/vn-avd-Arieavd/subnets/avdsubnet";"10.1.1.0";"24";"255.255.255.0";"10.1.1.0 - 10.1.1.255";"3";"248";"1.2 %";"False";"Disabled";"Enabled";"0";"";"";;;"";"1"
"Partner Scratch Space";"f5b490b4-4ce4-469b-9f14-32b600fd3959";"80c5c29b-f6c2-457b-af54-603a8d840878";"BinderRG-vnet";"/subscriptions/f5b490b4-4ce4-469b-9f14-32b600fd3959/resourceGroups/BinderRG/providers/Microsoft.Network/virtualNetworks/BinderRG-vnet";"BinderRG";"usgovvirginia";"AzureBastionSubnet";"/subscriptions/f5b490b4-4ce4-469b-9f14-32b600fd3959/resourceGroups/BinderRG/providers/Microsoft.Network/virtualNetworks/BinderRG-vnet/subnets/AzureBastionSubnet";"10.0.1.0";"26";"255.255.255.192";"10.0.1.0 - 10.0.1.63";"1";"58";"1.7 %";"False";"Disabled";"Enabled";"0";"";"";;;"";"0"
"Partner Scratch Space";"f5b490b4-4ce4-469b-9f14-32b600fd3959";"80c5c29b-f6c2-457b-af54-603a8d840878";"BinderRG-vnet";"/subscriptions/f5b490b4-4ce4-469b-9f14-32b600fd3959/resourceGroups/BinderRG/providers/Microsoft.Network/virtualNetworks/BinderRG-vnet";"BinderRG";"usgovvirginia";"default";"/subscriptions/f5b490b4-4ce4-469b-9f14-32b600fd3959/resourceGroups/BinderRG/providers/Microsoft.Network/virtualNetworks/BinderRG-vnet/subnets/default";"10.0.0.0";"24";"255.255.255.0";"10.0.0.0 - 10.0.0.255";"1";"250";"0.4 %";"False";"Disabled";"Enabled";"0";"";"";;;"";"0"
"Partner Scratch Space";"f5b490b4-4ce4-469b-9f14-32b600fd3959";"80c5c29b-f6c2-457b-af54-603a8d840878";"TranslatePOC-usgva-vnet";"/subscriptions/f5b490b4-4ce4-469b-9f14-32b600fd3959/resourceGroups/TransaltePOC/providers/Microsoft.Network/virtualNetworks/TranslatePOC-usgva-vnet";"TransaltePOC";"usgovvirginia";"AzureBastionSubnet";"/subscriptions/f5b490b4-4ce4-469b-9f14-32b600fd3959/resourceGroups/TransaltePOC/providers/Microsoft.Network/virtualNetworks/TranslatePOC-usgva-vnet/subnets/AzureBastionSubnet";"10.230.1.0";"26";"255.255.255.192";"10.230.1.0 - 10.230.1.63";"1";"58";"1.7 %";"False";"Disabled";"Enabled";"0";"";"";;;"";"0"
"Partner Scratch Space";"f5b490b4-4ce4-469b-9f14-32b600fd3959";"80c5c29b-f6c2-457b-af54-603a8d840878";"TranslatePOC-usgva-vnet";"/subscriptions/f5b490b4-4ce4-469b-9f14-32b600fd3959/resourceGroups/TransaltePOC/providers/Microsoft.Network/virtualNetworks/TranslatePOC-usgva-vnet";"TransaltePOC";"usgovvirginia";"TranslatePOC-RallyPoint-Subnet";"/subscriptions/f5b490b4-4ce4-469b-9f14-32b600fd3959/resourceGroups/TransaltePOC/providers/Microsoft.Network/virtualNetworks/TranslatePOC-usgva-vnet/subnets/TranslatePOC-RallyPoint-Subnet";"10.230.0.0";"24";"255.255.255.0";"10.230.0.0 - 10.230.0.255";"2";"249";"0.8 %";"False";"Disabled";"Enabled";"2";"Microsoft.KeyVault (*), Microsoft.CognitiveServices (*)";"";;;"";"0"
