"Level";"MgId";"MgName";"MgParentId";"MgParentName";"subscriptionId";"subscriptionName";"PolicyAssignmentId";"PolicyAssignmentScopeName";"PolicyAssignmentDisplayName";"PolicyAssignmentDescription";"PolicyAssignmentEnforcementMode";"PolicyAssignmentNonComplianceMessages";"PolicyAssignmentNotScopes";"PolicyAssignmentParameters";"PolicyAssignmentMI";"AssignedBy";"CreatedOn";"CreatedBy";"UpdatedOn";"UpdatedBy";"Effect";"PolicyNameClear";"PolicyAvailability";"PolicyDescription";"PolicyId";"PolicyVariant";"PolicyType";"PolicyIsALZ";"PolicyCategory";"Inheritance";"ExcludedScope";"RelatedRoleAssignmentsClear";"mgOrSubOrRG";"NonCompliantPolicies";"CompliantPolicies";"NonCompliantResources";"CompliantResources";"ConflictingResources";"ExemptionScope"
"0";"80c5c29b-f6c2-457b-af54-603a8d840878";"Tenant Root Group";"__TenantRoot__";"";"6d0357ab-dd3d-4ab9-ac82-c08def70e813";"SMX-SOUTHCOM-SRH-Sandbox";"/subscriptions/6d0357ab-dd3d-4ab9-ac82-c08def70e813/providers/microsoft.authorization/policyassignments/securitycenterbuiltin";"6d0357ab-dd3d-4ab9-ac82-c08def70e813";"ASC Default (subscription: 6d0357ab-dd3d-4ab9-ac82-c08def70e813)";"This is the default set of policies monitored by Azure Security Center. It was automatically assigned as part of onboarding to Security Center. The default assignment contains only audit policies. For more information please visit https://aka.ms/ascpolicies";"Default";"";"n/a";"";"";"Security Center";"01/14/2023 01:59:23";"ObjectType: SP App EXT, ObjectDisplayName: Windows Azure Security Resource Provider, ObjectSignInName: n/a, ObjectId: e36cdba1-8d32-40a3-85e9-b549ac682554 (rp)";"";"";"n/a";"Microsoft cloud security benchmark";"";"The Microsoft cloud security benchmark initiative represents the policies and controls implementing security recommendations defined in Microsoft cloud security benchmark, see https://aka.ms/azsecbm. This also serves as the Microsoft Defender for Cloud default policy initiative. You can directly assign this initiative, or manage its policies and compliance results within Microsoft Defender for Cloud.";"/providers/microsoft.authorization/policysetdefinitions/1f3afdf9-d0c9-4c3d-847f-89da613e70a8";"PolicySet";"BuiltIn";"False";"Security Center";"thisScope Sub";"false";"none";"Sub";"19";"1";"1";"0";"0";"false"
"0";"80c5c29b-f6c2-457b-af54-603a8d840878";"Tenant Root Group";"__TenantRoot__";"";"722b67c0-5e76-40fa-811c-791e385a08b8";"Pond Hop Demo";"/subscriptions/722b67c0-5e76-40fa-811c-791e385a08b8/providers/microsoft.authorization/policyassignments/securitycenterbuiltin";"722b67c0-5e76-40fa-811c-791e385a08b8";"ASC Default (subscription: 722b67c0-5e76-40fa-811c-791e385a08b8)";"This is the default set of policies monitored by Azure Security Center. It was automatically assigned as part of onboarding to Security Center. The default assignment contains only audit policies. For more information please visit https://aka.ms/ascpolicies";"Default";"";"n/a";"";"";"Security Center";"01/25/2023 19:51:23";"ObjectType: SP App EXT, ObjectDisplayName: Windows Azure Security Resource Provider, ObjectSignInName: n/a, ObjectId: e36cdba1-8d32-40a3-85e9-b549ac682554 (rp)";"";"";"n/a";"Microsoft cloud security benchmark";"";"The Microsoft cloud security benchmark initiative represents the policies and controls implementing security recommendations defined in Microsoft cloud security benchmark, see https://aka.ms/azsecbm. This also serves as the Microsoft Defender for Cloud default policy initiative. You can directly assign this initiative, or manage its policies and compliance results within Microsoft Defender for Cloud.";"/providers/microsoft.authorization/policysetdefinitions/1f3afdf9-d0c9-4c3d-847f-89da613e70a8";"PolicySet";"BuiltIn";"False";"Security Center";"thisScope Sub";"false";"none";"Sub";"19";"1";"1";"0";"0";"false"
"0";"80c5c29b-f6c2-457b-af54-603a8d840878";"Tenant Root Group";"__TenantRoot__";"";"964c406a-1019-48d1-a927-9461123de233";"MTN Demo";"/subscriptions/964c406a-1019-48d1-a927-9461123de233/providers/microsoft.authorization/policyassignments/1e7402a8b59149088bc9c638";"964c406a-1019-48d1-a927-9461123de233";"Inherit a tag from the resource group";"no description given";"Default";"";"/subscriptions/964c406a-1019-48d1-a927-9461123de233/resourceGroups/R-Default";"tagName=R-Role";"1e7402a8b59149088bc9c638 (SPObjId: 005c5844-d10f-492c-962e-150adde5674e)";"JSOC Student30";"10/03/2022 16:14:25";"ObjectType: User Member, ObjectDisplayName: JSOC Student 30, ObjectSignInName: jsoc.student30@mtnnet.us, ObjectId: b323babe-ae60-48a4-997e-2156446bc1b5";"";"";"modify";"Inherit a tag from the resource group";"";"Adds or replaces the specified tag and value from the parent resource group when any resource is created or updated. Existing resources can be remediated by triggering a remediation task.";"/providers/microsoft.authorization/policydefinitions/cd3aa116-8754-49c9-a813-ad46512ece54";"Policy";"BuiltIn";"False";"Tags";"thisScope Sub";"false";"Contributor (/subscriptions/964c406a-1019-48d1-a927-9461123de233/providers/microsoft.authorization/roleassignments/eace2d43-17c4-473d-bdcb-73f3d7bc600f)";"Sub";"0";"1";"0";"22";"0";"false"
"0";"80c5c29b-f6c2-457b-af54-603a8d840878";"Tenant Root Group";"__TenantRoot__";"";"964c406a-1019-48d1-a927-9461123de233";"MTN Demo";"/subscriptions/964c406a-1019-48d1-a927-9461123de233/providers/microsoft.authorization/policyassignments/dataprotectionsecuritycenter";"964c406a-1019-48d1-a927-9461123de233";"ASC DataProtection (subscription: 964c406a-1019-48d1-a927-9461123de233)";"This policy assignment was automatically created by Azure Security Center";"Default";"";"n/a";"";"";"Security Center";"01/03/2023 14:53:37";"ObjectType: SP App EXT, ObjectDisplayName: Windows Azure Security Resource Provider, ObjectSignInName: n/a, ObjectId: e36cdba1-8d32-40a3-85e9-b549ac682554 (rp)";"";"";"n/a";"Configure Azure Defender to be enabled on SQL Servers and SQL Managed Instances";"";"Enable Azure Defender on your SQL Servers and SQL Managed Instances to detect anomalous activities indicating unusual and potentially harmful attempts to access or exploit databases.";"/providers/microsoft.authorization/policysetdefinitions/9cb3cc7a-b39b-4b82-bc89-e5a5d9ff7b97";"PolicySet";"BuiltIn";"False";"Security Center";"thisScope Sub";"false";"none";"Sub";"0";"1";"0";"1";"0";"false"
"0";"80c5c29b-f6c2-457b-af54-603a8d840878";"Tenant Root Group";"__TenantRoot__";"";"964c406a-1019-48d1-a927-9461123de233";"MTN Demo";"/subscriptions/964c406a-1019-48d1-a927-9461123de233/providers/microsoft.authorization/policyassignments/opensourcerelationaldatabasesprotectionsecuritycenter";"964c406a-1019-48d1-a927-9461123de233";"ASC OpenSourceRelationalDatabasesProtection (subscription: 964c406a-1019-48d1-a927-9461123de233)";"This policy assignment was automatically created by Azure Security Center";"Default";"";"n/a";"";"";"Security Center";"01/03/2023 14:53:33";"ObjectType: SP App EXT, ObjectDisplayName: Windows Azure Security Resource Provider, ObjectSignInName: n/a, ObjectId: e36cdba1-8d32-40a3-85e9-b549ac682554 (rp)";"";"";"n/a";"Configure Advanced Threat Protection to be enabled on open-source relational databases";"";"Enable Advanced Threat Protection on your non-Basic tier open-source relational databases to detect anomalous activities indicating unusual and potentially harmful attempts to access or exploit databases. See https://aka.ms/AzDforOpenSourceDBsDocu.";"/providers/microsoft.authorization/policysetdefinitions/e77fc0b3-f7e9-4c58-bc13-cb753ed8e46e";"PolicySet";"BuiltIn";"False";"Security Center";"thisScope Sub";"false";"none";"Sub";"0";"0";"0";"0";"0";"false"
"0";"80c5c29b-f6c2-457b-af54-603a8d840878";"Tenant Root Group";"__TenantRoot__";"";"964c406a-1019-48d1-a927-9461123de233";"MTN Demo";"/subscriptions/964c406a-1019-48d1-a927-9461123de233/providers/microsoft.authorization/policyassignments/securitycenterbuiltin";"964c406a-1019-48d1-a927-9461123de233";"ASC Default (subscription: 964c406a-1019-48d1-a927-9461123de233)";"This is the default set of policies monitored by Azure Security Center. It was automatically assigned as part of onboarding to Security Center. The default assignment contains only audit policies. For more information please visit https://aka.ms/ascpolicies";"Default";"";"n/a";"";"";"Security Center";"09/16/2022 14:49:06";"ObjectType: SP App EXT, ObjectDisplayName: Windows Azure Security Resource Provider, ObjectSignInName: n/a, ObjectId: e36cdba1-8d32-40a3-85e9-b549ac682554 (rp)";"";"";"n/a";"Microsoft cloud security benchmark";"";"The Microsoft cloud security benchmark initiative represents the policies and controls implementing security recommendations defined in Microsoft cloud security benchmark, see https://aka.ms/azsecbm. This also serves as the Microsoft Defender for Cloud default policy initiative. You can directly assign this initiative, or manage its policies and compliance results within Microsoft Defender for Cloud.";"/providers/microsoft.authorization/policysetdefinitions/1f3afdf9-d0c9-4c3d-847f-89da613e70a8";"PolicySet";"BuiltIn";"False";"Security Center";"thisScope Sub";"false";"none";"Sub";"17";"19";"25";"1";"0";"false"
"0";"80c5c29b-f6c2-457b-af54-603a8d840878";"Tenant Root Group";"__TenantRoot__";"";"964c406a-1019-48d1-a927-9461123de233";"MTN Demo";"/subscriptions/964c406a-1019-48d1-a927-9461123de233/resourcegroups/defaultresourcegroup-usbn1/providers/microsoft.authorization/policyassignments/860145bf31eb4f54ad5a0a44";"DefaultResourceGroup-USBN1";"Inherit a tag from the resource group if missing";"no description given";"Default";"";"n/a";"tagName=role pmp";"860145bf31eb4f54ad5a0a44 (SPObjId: f1978edb-9dde-4348-9ff7-d9c5a249d229)";"JSOC Student16";"10/03/2022 16:20:03";"ObjectType: User Member, ObjectDisplayName: JSOC Student 16, ObjectSignInName: jsoc.student16@mtnnet.us, ObjectId: f7f17bc0-9cb6-4c91-9862-91d5644b3bb9";"";"";"modify";"Inherit a tag from the resource group if missing";"";"Adds the specified tag with its value from the parent resource group when any resource missing this tag is created or updated. Existing resources can be remediated by triggering a remediation task. If the tag exists with a different value it will not be changed.";"/providers/microsoft.authorization/policydefinitions/ea3f2387-9b95-492a-a190-fcdc54f7b070";"Policy";"BuiltIn";"False";"Tags";"thisScope Sub RG";"false";"Contributor (/subscriptions/964c406a-1019-48d1-a927-9461123de233/resourcegroups/defaultresourcegroup-usbn1/providers/microsoft.authorization/roleassignments/ef4e6439-4390-498e-b876-cded9b862047)";"RG";"0";"1";"0";"2";"0";"false"
"0";"80c5c29b-f6c2-457b-af54-603a8d840878";"Tenant Root Group";"__TenantRoot__";"";"a3ad3fff-f3c5-46cf-ac18-d384307648f8";"MTNNet Main Subscription";"/subscriptions/a3ad3fff-f3c5-46cf-ac18-d384307648f8/providers/microsoft.authorization/policyassignments/5608b5fdc3414ef4ac951c98";"a3ad3fff-f3c5-46cf-ac18-d384307648f8";"CIS Microsoft Azure Foundations Benchmark v1.3.0";"no description given";"Default";"";"n/a";"";"";"Joe Scanlan";"12/08/2022 16:47:19";"ObjectType: User Member, ObjectDisplayName: Joe Scanlan (CSA), ObjectSignInName: joe@mtnnet.us, ObjectId: b38f032b-acba-4d66-be8d-17e83ddf8ab7";"";"";"n/a";"CIS Microsoft Azure Foundations Benchmark v1.3.0";"";"The Center for Internet Security (CIS) is a nonprofit entity whose mission is to 'identify, develop, validate, promote, and sustain best practice solutions for cyberdefense.' CIS benchmarks are configuration baselines and best practices for securely configuring a system. These policies address a subset of CIS Microsoft Azure Foundations Benchmark v1.3.0 controls. For more information, visit https://aka.ms/cisazure130-initiative";"/providers/microsoft.authorization/policysetdefinitions/612b5213-9160-4969-8578-1518bd2a000c";"PolicySet";"BuiltIn";"False";"Regulatory Compliance";"thisScope Sub";"false";"none";"Sub";"21";"18";"64";"58";"0";"false"
"0";"80c5c29b-f6c2-457b-af54-603a8d840878";"Tenant Root Group";"__TenantRoot__";"";"a3ad3fff-f3c5-46cf-ac18-d384307648f8";"MTNNet Main Subscription";"/subscriptions/a3ad3fff-f3c5-46cf-ac18-d384307648f8/providers/microsoft.authorization/policyassignments/789525e1b0044f41a501aadc";"a3ad3fff-f3c5-46cf-ac18-d384307648f8";"Azure Security Benchmark";"no description given";"Default";"";"n/a";"";"";"Joe Scanlan";"12/08/2022 16:46:09";"ObjectType: User Member, ObjectDisplayName: Joe Scanlan (CSA), ObjectSignInName: joe@mtnnet.us, ObjectId: b38f032b-acba-4d66-be8d-17e83ddf8ab7";"";"";"n/a";"Microsoft cloud security benchmark";"";"The Microsoft cloud security benchmark initiative represents the policies and controls implementing security recommendations defined in Microsoft cloud security benchmark, see https://aka.ms/azsecbm. This also serves as the Microsoft Defender for Cloud default policy initiative. You can directly assign this initiative, or manage its policies and compliance results within Microsoft Defender for Cloud.";"/providers/microsoft.authorization/policysetdefinitions/1f3afdf9-d0c9-4c3d-847f-89da613e70a8";"PolicySet";"BuiltIn";"False";"Security Center";"thisScope Sub";"false";"none";"Sub";"34";"34";"63";"2";"0";"false"
"0";"80c5c29b-f6c2-457b-af54-603a8d840878";"Tenant Root Group";"__TenantRoot__";"";"a3ad3fff-f3c5-46cf-ac18-d384307648f8";"MTNNet Main Subscription";"/subscriptions/a3ad3fff-f3c5-46cf-ac18-d384307648f8/providers/microsoft.authorization/policyassignments/af372183af304bde938fd59f";"a3ad3fff-f3c5-46cf-ac18-d384307648f8";"Flow logs should be configured and enabled for every network security group";"no description given";"Default";"";"n/a";"";"";"Joe Scanlan";"12/08/2022 16:48:39";"ObjectType: User Member, ObjectDisplayName: Joe Scanlan (CSA), ObjectSignInName: joe@mtnnet.us, ObjectId: b38f032b-acba-4d66-be8d-17e83ddf8ab7";"";"";"n/a";"Flow logs should be configured and enabled for every network security group";"";"Audit for network security groups to verify if flow logs are configured and if flow log status is enabled. Enabling flow logs allows to log information about IP traffic flowing through network security group. It can be used for optimizing network flows, monitoring throughput, verifying compliance, detecting intrusions and more.";"/providers/microsoft.authorization/policysetdefinitions/62329546-775b-4a3d-a4cb-eb4bb990d2c0";"PolicySet";"BuiltIn";"False";"Network";"thisScope Sub";"false";"none";"Sub";"1";"0";"17";"0";"0";"false"
"0";"80c5c29b-f6c2-457b-af54-603a8d840878";"Tenant Root Group";"__TenantRoot__";"";"a3ad3fff-f3c5-46cf-ac18-d384307648f8";"MTNNet Main Subscription";"/subscriptions/a3ad3fff-f3c5-46cf-ac18-d384307648f8/providers/microsoft.authorization/policyassignments/c84c61c4b1b34dd2b280da09";"a3ad3fff-f3c5-46cf-ac18-d384307648f8";"NIST SP 800-53 Rev. 4";"no description given";"DoNotEnforce";"";"n/a";"";"c84c61c4b1b34dd2b280da09 (SPObjId: b802840b-340c-4d4d-bca0-349e4c8482a1)";"Dale Shigekane";"04/21/2023 03:51:46";"ObjectType: User Member, ObjectDisplayName: Dale Shigekane (SOCOM CSA), ObjectSignInName: dale@mtnnet.us, ObjectId: c596dec3-abd9-4146-8c4b-830663b458be";"";"";"n/a";"NIST SP 800-53 Rev. 4";"";"National Institute of Standards and Technology (NIST) SP 800-53 R4 provides a standardized approach for assessing, monitoring and authorizing cloud computing products and services to manage information security risk.These policies address a subset of NIST SP 800-53 R4 controls. Additional policies will be added in upcoming releases. For more information, visit https://aka.ms/nist800-53r4-initiative";"/providers/microsoft.authorization/policysetdefinitions/cf25b9c1-bd23-4eb6-bd2c-f4f3ac644a5f";"PolicySet";"BuiltIn";"False";"Regulatory Compliance";"thisScope Sub";"false";"Contributor (/subscriptions/a3ad3fff-f3c5-46cf-ac18-d384307648f8/providers/microsoft.authorization/roleassignments/f9832660-31df-4e07-a7f2-7fd72e62abda)";"Sub";"68";"39";"104";"31";"0";"false"
"0";"80c5c29b-f6c2-457b-af54-603a8d840878";"Tenant Root Group";"__TenantRoot__";"";"a3ad3fff-f3c5-46cf-ac18-d384307648f8";"MTNNet Main Subscription";"/subscriptions/a3ad3fff-f3c5-46cf-ac18-d384307648f8/providers/microsoft.authorization/policyassignments/d5bbb5a62a874079afa0d479";"a3ad3fff-f3c5-46cf-ac18-d384307648f8";"Microsoft Antimalware for Azure should be configured to automatically update protection signatures";"no description given";"Default";"";"n/a";"";"";"Joe Scanlan";"12/08/2022 17:13:23";"ObjectType: User Member, ObjectDisplayName: Joe Scanlan (CSA), ObjectSignInName: joe@mtnnet.us, ObjectId: b38f032b-acba-4d66-be8d-17e83ddf8ab7";"";"";"AuditIfNotExists";"Microsoft Antimalware for Azure should be configured to automatically update protection signatures";"";"This policy audits any Windows virtual machine not configured with automatic update of Microsoft Antimalware protection signatures.";"/providers/microsoft.authorization/policydefinitions/c43e4a30-77cb-48ab-a4dd-93f175c63b57";"Policy";"BuiltIn";"False";"Compute";"thisScope Sub";"false";"none";"Sub";"1";"0";"6";"5";"0";"false"
"0";"80c5c29b-f6c2-457b-af54-603a8d840878";"Tenant Root Group";"__TenantRoot__";"";"a3ad3fff-f3c5-46cf-ac18-d384307648f8";"MTNNet Main Subscription";"/subscriptions/a3ad3fff-f3c5-46cf-ac18-d384307648f8/resourcegroups/mlz-rg-avd-test/providers/microsoft.authorization/policyassignments/84abc110a3954eb1a401bef6";"mlz-rg-AVD-test";"Deploy default Microsoft IaaSAntimalware extension for Windows Server";"no description given";"Default";"";"n/a";"";"84abc110a3954eb1a401bef6 (SPObjId: d84ec016-4e76-467b-9c45-c95c00a5696c)";"Joe Scanlan";"12/08/2022 17:08:37";"ObjectType: User Member, ObjectDisplayName: Joe Scanlan (CSA), ObjectSignInName: joe@mtnnet.us, ObjectId: b38f032b-acba-4d66-be8d-17e83ddf8ab7";"";"";"deployIfNotExists";"Deploy default Microsoft IaaSAntimalware extension for Windows Server";"";"This policy deploys a Microsoft IaaSAntimalware extension with a default configuration when a VM is not configured with the antimalware extension.";"/providers/microsoft.authorization/policydefinitions/2835b622-407b-4114-9198-6f7064cbe0dc";"Policy";"BuiltIn";"False";"Compute";"thisScope Sub RG";"false";"Virtual Machine Contributor (/subscriptions/a3ad3fff-f3c5-46cf-ac18-d384307648f8/resourcegroups/mlz-rg-avd-test/providers/microsoft.authorization/roleassignments/a26c5981-3b4b-4e8d-88d9-8091a36cd0b4)";"RG";"0";"0";"0";"0";"0";"false"
"0";"80c5c29b-f6c2-457b-af54-603a8d840878";"Tenant Root Group";"__TenantRoot__";"";"a3ad3fff-f3c5-46cf-ac18-d384307648f8";"MTNNet Main Subscription";"/subscriptions/a3ad3fff-f3c5-46cf-ac18-d384307648f8/resourcegroups/mlz-rg-hub-test/providers/microsoft.authorization/policyassignments/bb753895984f472da211ff61";"mlz-rg-hub-test";"Deploy default Microsoft IaaSAntimalware extension for Windows Server";"no description given";"Default";"";"n/a";"";"bb753895984f472da211ff61 (SPObjId: 29b949ce-518e-40bc-955c-e695cd9187a6)";"Joe Scanlan";"12/08/2022 17:08:55";"ObjectType: User Member, ObjectDisplayName: Joe Scanlan (CSA), ObjectSignInName: joe@mtnnet.us, ObjectId: b38f032b-acba-4d66-be8d-17e83ddf8ab7";"";"";"deployIfNotExists";"Deploy default Microsoft IaaSAntimalware extension for Windows Server";"";"This policy deploys a Microsoft IaaSAntimalware extension with a default configuration when a VM is not configured with the antimalware extension.";"/providers/microsoft.authorization/policydefinitions/2835b622-407b-4114-9198-6f7064cbe0dc";"Policy";"BuiltIn";"False";"Compute";"thisScope Sub RG";"false";"Virtual Machine Contributor (/subscriptions/a3ad3fff-f3c5-46cf-ac18-d384307648f8/resourcegroups/mlz-rg-hub-test/providers/microsoft.authorization/roleassignments/a26c5981-3b4b-4e8d-88d9-8091a36cd0c1)";"RG";"0";"1";"0";"1";"0";"false"
"0";"80c5c29b-f6c2-457b-af54-603a8d840878";"Tenant Root Group";"__TenantRoot__";"";"a3ad3fff-f3c5-46cf-ac18-d384307648f8";"MTNNet Main Subscription";"/subscriptions/a3ad3fff-f3c5-46cf-ac18-d384307648f8/resourcegroups/mlz-rg-hub-test/providers/microsoft.authorization/policyassignments/deploy vm agents mlz-rg-hub-test";"mlz-rg-hub-test";"";"no description given";"Default";"";"n/a";"logAnalytics_1=/subscriptions/a3ad3fff-f3c5-46cf-ac18-d384307648f8/resourceGroups/mlz-rg-operations-test/providers/Microsoft.OperationalInsights/workspaces/mlz-log-operations-test";"Deploy VM Agents mlz-rg-hub-test (SPObjId: 299f68c7-f27d-4b52-a5a2-e0faf34f835e)";"n/a";"08/12/2022 15:47:58";"ObjectType: User Member, ObjectDisplayName: Joe Scanlan (CSA), ObjectSignInName: joe@mtnnet.us, ObjectId: b38f032b-acba-4d66-be8d-17e83ddf8ab7";"";"";"n/a";"Legacy - Enable Azure Monitor for VMs";"";"Legacy - Enable Azure Monitor for the virtual machines (VMs) in the specified scope (management group, subscription or resource group). Takes Log Analytics workspace as parameter. Use the new initiative named: Enable Azure Monitor for VMs with Azure Monitoring Agent(AMA)";"/providers/microsoft.authorization/policysetdefinitions/55f3eceb-5573-4f18-9695-226972c6d74a";"PolicySet";"BuiltIn";"False";"Monitoring";"thisScope Sub RG";"false";"Contributor (/subscriptions/a3ad3fff-f3c5-46cf-ac18-d384307648f8/resourcegroups/mlz-rg-hub-test/providers/microsoft.authorization/roleassignments/360a21c9-87fa-5773-a9f2-56085cd4670c), Log Analytics Contributor (/subscriptions/a3ad3fff-f3c5-46cf-ac18-d384307648f8/resourcegroups/mlz-rg-operations-test/providers/microsoft.authorization/roleassignments/0d5f63e4-ce9d-5923-bb89-7ad4ded93829)";"RG";"0";"4";"0";"2";"0";"false"
"0";"80c5c29b-f6c2-457b-af54-603a8d840878";"Tenant Root Group";"__TenantRoot__";"";"a3ad3fff-f3c5-46cf-ac18-d384307648f8";"MTNNet Main Subscription";"/subscriptions/a3ad3fff-f3c5-46cf-ac18-d384307648f8/resourcegroups/mlz-rg-hub-test/providers/microsoft.authorization/policyassignments/deploy vmss agents mlz-rg-hub-test";"mlz-rg-hub-test";"";"no description given";"Default";"";"n/a";"logAnalytics_1=/subscriptions/a3ad3fff-f3c5-46cf-ac18-d384307648f8/resourceGroups/mlz-rg-operations-test/providers/Microsoft.OperationalInsights/workspaces/mlz-log-operations-test";"Deploy VMSS Agents mlz-rg-hub-test (SPObjId: fef4fe17-e181-45fb-98b7-f8c8ef2dc74c)";"n/a";"08/12/2022 15:47:52";"ObjectType: User Member, ObjectDisplayName: Joe Scanlan (CSA), ObjectSignInName: joe@mtnnet.us, ObjectId: b38f032b-acba-4d66-be8d-17e83ddf8ab7";"";"";"n/a";"Legacy - Enable Azure Monitor for Virtual Machine Scale Sets";"";"Legacy - Enable Azure Monitor for the Virtual Machine Scale Sets in the specified scope (Management group, Subscription or resource group). Takes Log Analytics workspace as parameter. Use the new initiative named: Enable Azure Monitor for VMSS with Azure Monitoring Agent(AMA). Note: if your scale set upgradePolicy is set to Manual, you need to apply the extension to the all VMs in the set by calling upgrade on them. In CLI this would be az vmss update-instances.";"/providers/microsoft.authorization/policysetdefinitions/75714362-cae7-409e-9b99-a8e5075b7fad";"PolicySet";"BuiltIn";"False";"Monitoring";"thisScope Sub RG";"false";"Contributor (/subscriptions/a3ad3fff-f3c5-46cf-ac18-d384307648f8/resourcegroups/mlz-rg-hub-test/providers/microsoft.authorization/roleassignments/526f151e-471a-5c4f-a5ee-f584651e0570)";"RG";"0";"0";"0";"0";"0";"false"
"0";"80c5c29b-f6c2-457b-af54-603a8d840878";"Tenant Root Group";"__TenantRoot__";"";"a3ad3fff-f3c5-46cf-ac18-d384307648f8";"MTNNet Main Subscription";"/subscriptions/a3ad3fff-f3c5-46cf-ac18-d384307648f8/resourcegroups/mlz-rg-identity-test/providers/microsoft.authorization/policyassignments/95073d08c97d4e8b82a55e07";"mlz-rg-identity-test";"Deploy default Microsoft IaaSAntimalware extension for Windows Server";"no description given";"Default";"";"n/a";"";"95073d08c97d4e8b82a55e07 (SPObjId: 9d676770-d6ae-46fa-a678-d9ea4bd83bcd)";"Joe Scanlan";"12/08/2022 17:09:08";"ObjectType: User Member, ObjectDisplayName: Joe Scanlan (CSA), ObjectSignInName: joe@mtnnet.us, ObjectId: b38f032b-acba-4d66-be8d-17e83ddf8ab7";"";"";"deployIfNotExists";"Deploy default Microsoft IaaSAntimalware extension for Windows Server";"";"This policy deploys a Microsoft IaaSAntimalware extension with a default configuration when a VM is not configured with the antimalware extension.";"/providers/microsoft.authorization/policydefinitions/2835b622-407b-4114-9198-6f7064cbe0dc";"Policy";"BuiltIn";"False";"Compute";"thisScope Sub RG";"false";"Virtual Machine Contributor (/subscriptions/a3ad3fff-f3c5-46cf-ac18-d384307648f8/resourcegroups/mlz-rg-identity-test/providers/microsoft.authorization/roleassignments/a26c5981-3b4b-4e8d-88d9-8091a36cd0ce)";"RG";"0";"1";"0";"1";"0";"false"
"0";"80c5c29b-f6c2-457b-af54-603a8d840878";"Tenant Root Group";"__TenantRoot__";"";"a3ad3fff-f3c5-46cf-ac18-d384307648f8";"MTNNet Main Subscription";"/subscriptions/a3ad3fff-f3c5-46cf-ac18-d384307648f8/resourcegroups/mlz-rg-identity-test/providers/microsoft.authorization/policyassignments/deploy vm agents mlz-rg-identity-test";"mlz-rg-identity-test";"";"no description given";"Default";"";"n/a";"logAnalytics_1=/subscriptions/a3ad3fff-f3c5-46cf-ac18-d384307648f8/resourceGroups/mlz-rg-operations-test/providers/Microsoft.OperationalInsights/workspaces/mlz-log-operations-test";"Deploy VM Agents mlz-rg-identity-test (SPObjId: 73c2f077-5cda-4c9b-be55-4249925b8247)";"n/a";"08/12/2022 15:47:53";"ObjectType: User Member, ObjectDisplayName: Joe Scanlan (CSA), ObjectSignInName: joe@mtnnet.us, ObjectId: b38f032b-acba-4d66-be8d-17e83ddf8ab7";"";"";"n/a";"Legacy - Enable Azure Monitor for VMs";"";"Legacy - Enable Azure Monitor for the virtual machines (VMs) in the specified scope (management group, subscription or resource group). Takes Log Analytics workspace as parameter. Use the new initiative named: Enable Azure Monitor for VMs with Azure Monitoring Agent(AMA)";"/providers/microsoft.authorization/policysetdefinitions/55f3eceb-5573-4f18-9695-226972c6d74a";"PolicySet";"BuiltIn";"False";"Monitoring";"thisScope Sub RG";"false";"Contributor (/subscriptions/a3ad3fff-f3c5-46cf-ac18-d384307648f8/resourcegroups/mlz-rg-identity-test/providers/microsoft.authorization/roleassignments/b4bcf447-5dc1-579c-8be3-772baadfa8cf), Log Analytics Contributor (/subscriptions/a3ad3fff-f3c5-46cf-ac18-d384307648f8/resourcegroups/mlz-rg-operations-test/providers/microsoft.authorization/roleassignments/5d7cae7c-de7e-5c74-9414-512b2d6ce3e6)";"RG";"0";"4";"0";"1";"0";"false"
"0";"80c5c29b-f6c2-457b-af54-603a8d840878";"Tenant Root Group";"__TenantRoot__";"";"a3ad3fff-f3c5-46cf-ac18-d384307648f8";"MTNNet Main Subscription";"/subscriptions/a3ad3fff-f3c5-46cf-ac18-d384307648f8/resourcegroups/mlz-rg-identity-test/providers/microsoft.authorization/policyassignments/deploy vmss agents mlz-rg-identity-test";"mlz-rg-identity-test";"";"no description given";"Default";"";"n/a";"logAnalytics_1=/subscriptions/a3ad3fff-f3c5-46cf-ac18-d384307648f8/resourceGroups/mlz-rg-operations-test/providers/Microsoft.OperationalInsights/workspaces/mlz-log-operations-test";"Deploy VMSS Agents mlz-rg-identity-test (SPObjId: ff1d4877-606f-43f8-99ae-42e23630d90c)";"n/a";"08/12/2022 15:47:53";"ObjectType: User Member, ObjectDisplayName: Joe Scanlan (CSA), ObjectSignInName: joe@mtnnet.us, ObjectId: b38f032b-acba-4d66-be8d-17e83ddf8ab7";"";"";"n/a";"Legacy - Enable Azure Monitor for Virtual Machine Scale Sets";"";"Legacy - Enable Azure Monitor for the Virtual Machine Scale Sets in the specified scope (Management group, Subscription or resource group). Takes Log Analytics workspace as parameter. Use the new initiative named: Enable Azure Monitor for VMSS with Azure Monitoring Agent(AMA). Note: if your scale set upgradePolicy is set to Manual, you need to apply the extension to the all VMs in the set by calling upgrade on them. In CLI this would be az vmss update-instances.";"/providers/microsoft.authorization/policysetdefinitions/75714362-cae7-409e-9b99-a8e5075b7fad";"PolicySet";"BuiltIn";"False";"Monitoring";"thisScope Sub RG";"false";"Contributor (/subscriptions/a3ad3fff-f3c5-46cf-ac18-d384307648f8/resourcegroups/mlz-rg-identity-test/providers/microsoft.authorization/roleassignments/941ba3f1-33f9-528a-8a7e-7a1214d91f66)";"RG";"0";"0";"0";"0";"0";"false"
"0";"80c5c29b-f6c2-457b-af54-603a8d840878";"Tenant Root Group";"__TenantRoot__";"";"a3ad3fff-f3c5-46cf-ac18-d384307648f8";"MTNNet Main Subscription";"/subscriptions/a3ad3fff-f3c5-46cf-ac18-d384307648f8/resourcegroups/mlz-rg-operations-test/providers/microsoft.authorization/policyassignments/db2c8542f02b435bbd320870";"mlz-rg-operations-test";"Deploy default Microsoft IaaSAntimalware extension for Windows Server";"no description given";"Default";"";"n/a";"";"db2c8542f02b435bbd320870 (SPObjId: ef373b1d-dea9-48b6-bae5-a9d4eabbe696)";"Joe Scanlan";"12/08/2022 17:09:22";"ObjectType: User Member, ObjectDisplayName: Joe Scanlan (CSA), ObjectSignInName: joe@mtnnet.us, ObjectId: b38f032b-acba-4d66-be8d-17e83ddf8ab7";"";"";"deployIfNotExists";"Deploy default Microsoft IaaSAntimalware extension for Windows Server";"";"This policy deploys a Microsoft IaaSAntimalware extension with a default configuration when a VM is not configured with the antimalware extension.";"/providers/microsoft.authorization/policydefinitions/2835b622-407b-4114-9198-6f7064cbe0dc";"Policy";"BuiltIn";"False";"Compute";"thisScope Sub RG";"false";"Virtual Machine Contributor (/subscriptions/a3ad3fff-f3c5-46cf-ac18-d384307648f8/resourcegroups/mlz-rg-operations-test/providers/microsoft.authorization/roleassignments/a26c5981-3b4b-4e8d-88d9-8091a36cd0db)";"RG";"0";"0";"0";"0";"0";"false"
"0";"80c5c29b-f6c2-457b-af54-603a8d840878";"Tenant Root Group";"__TenantRoot__";"";"a3ad3fff-f3c5-46cf-ac18-d384307648f8";"MTNNet Main Subscription";"/subscriptions/a3ad3fff-f3c5-46cf-ac18-d384307648f8/resourcegroups/mlz-rg-operations-test/providers/microsoft.authorization/policyassignments/deploy vm agents mlz-rg-operations-test";"mlz-rg-operations-test";"";"no description given";"Default";"";"n/a";"logAnalytics_1=/subscriptions/a3ad3fff-f3c5-46cf-ac18-d384307648f8/resourceGroups/mlz-rg-operations-test/providers/Microsoft.OperationalInsights/workspaces/mlz-log-operations-test";"Deploy VM Agents mlz-rg-operations-test (SPObjId: 0d67fb03-dfe4-45d6-a134-98def3f9f692)";"n/a";"08/12/2022 15:47:55";"ObjectType: User Member, ObjectDisplayName: Joe Scanlan (CSA), ObjectSignInName: joe@mtnnet.us, ObjectId: b38f032b-acba-4d66-be8d-17e83ddf8ab7";"";"";"n/a";"Legacy - Enable Azure Monitor for VMs";"";"Legacy - Enable Azure Monitor for the virtual machines (VMs) in the specified scope (management group, subscription or resource group). Takes Log Analytics workspace as parameter. Use the new initiative named: Enable Azure Monitor for VMs with Azure Monitoring Agent(AMA)";"/providers/microsoft.authorization/policysetdefinitions/55f3eceb-5573-4f18-9695-226972c6d74a";"PolicySet";"BuiltIn";"False";"Monitoring";"thisScope Sub RG";"false";"Contributor (/subscriptions/a3ad3fff-f3c5-46cf-ac18-d384307648f8/resourcegroups/mlz-rg-operations-test/providers/microsoft.authorization/roleassignments/cbefd536-25a7-5088-a9d0-4517d806b8c9), Log Analytics Contributor (/subscriptions/a3ad3fff-f3c5-46cf-ac18-d384307648f8/resourcegroups/mlz-rg-operations-test/providers/microsoft.authorization/roleassignments/3719ae8a-c091-5a19-a114-4168e3703701)";"RG";"0";"0";"0";"0";"0";"false"
"0";"80c5c29b-f6c2-457b-af54-603a8d840878";"Tenant Root Group";"__TenantRoot__";"";"a3ad3fff-f3c5-46cf-ac18-d384307648f8";"MTNNet Main Subscription";"/subscriptions/a3ad3fff-f3c5-46cf-ac18-d384307648f8/resourcegroups/mlz-rg-operations-test/providers/microsoft.authorization/policyassignments/deploy vmss agents mlz-rg-operations-test";"mlz-rg-operations-test";"";"no description given";"Default";"";"n/a";"logAnalytics_1=/subscriptions/a3ad3fff-f3c5-46cf-ac18-d384307648f8/resourceGroups/mlz-rg-operations-test/providers/Microsoft.OperationalInsights/workspaces/mlz-log-operations-test";"Deploy VMSS Agents mlz-rg-operations-test (SPObjId: 5951b6d9-a760-486a-9f3f-ce08ba8a9b71)";"n/a";"08/12/2022 15:47:54";"ObjectType: User Member, ObjectDisplayName: Joe Scanlan (CSA), ObjectSignInName: joe@mtnnet.us, ObjectId: b38f032b-acba-4d66-be8d-17e83ddf8ab7";"";"";"n/a";"Legacy - Enable Azure Monitor for Virtual Machine Scale Sets";"";"Legacy - Enable Azure Monitor for the Virtual Machine Scale Sets in the specified scope (Management group, Subscription or resource group). Takes Log Analytics workspace as parameter. Use the new initiative named: Enable Azure Monitor for VMSS with Azure Monitoring Agent(AMA). Note: if your scale set upgradePolicy is set to Manual, you need to apply the extension to the all VMs in the set by calling upgrade on them. In CLI this would be az vmss update-instances.";"/providers/microsoft.authorization/policysetdefinitions/75714362-cae7-409e-9b99-a8e5075b7fad";"PolicySet";"BuiltIn";"False";"Monitoring";"thisScope Sub RG";"false";"Contributor (/subscriptions/a3ad3fff-f3c5-46cf-ac18-d384307648f8/resourcegroups/mlz-rg-operations-test/providers/microsoft.authorization/roleassignments/863f8d6f-49b9-528a-b792-0303b5f3ef87)";"RG";"0";"0";"0";"0";"0";"false"
"0";"80c5c29b-f6c2-457b-af54-603a8d840878";"Tenant Root Group";"__TenantRoot__";"";"a3ad3fff-f3c5-46cf-ac18-d384307648f8";"MTNNet Main Subscription";"/subscriptions/a3ad3fff-f3c5-46cf-ac18-d384307648f8/resourcegroups/mlz-rg-sandbox/providers/microsoft.authorization/policyassignments/0947740f4e424e858d9e1bf7";"mlz-rg-sandbox";"Deploy VM Agents mlz-rg-sandbox";"no description given";"Default";"non-compliant";"n/a";"logAnalytics_1=/subscriptions/a3ad3fff-f3c5-46cf-ac18-d384307648f8/resourcegroups/mlz-rg-operations-test/providers/microsoft.operationalinsights/workspaces/mlz-log-operations-test";"0947740f4e424e858d9e1bf7 (SPObjId: 0f149562-c4a3-4448-9bbe-37e867db932c)";"n/a";"12/08/2022 15:41:53";"ObjectType: User Member, ObjectDisplayName: Joe Scanlan (CSA), ObjectSignInName: joe@mtnnet.us, ObjectId: b38f032b-acba-4d66-be8d-17e83ddf8ab7";"";"";"n/a";"Legacy - Enable Azure Monitor for VMs";"";"Legacy - Enable Azure Monitor for the virtual machines (VMs) in the specified scope (management group, subscription or resource group). Takes Log Analytics workspace as parameter. Use the new initiative named: Enable Azure Monitor for VMs with Azure Monitoring Agent(AMA)";"/providers/microsoft.authorization/policysetdefinitions/55f3eceb-5573-4f18-9695-226972c6d74a";"PolicySet";"BuiltIn";"False";"Monitoring";"thisScope Sub RG";"false";"Log Analytics Contributor (/subscriptions/a3ad3fff-f3c5-46cf-ac18-d384307648f8/resourcegroups/mlz-rg-operations-test/providers/microsoft.operationalinsights/workspaces/mlz-log-operations-test/providers/microsoft.authorization/roleassignments/70861424-140e-4d96-a51c-ea6a4bb8b10f), Log Analytics Contributor (/subscriptions/a3ad3fff-f3c5-46cf-ac18-d384307648f8/resourcegroups/mlz-rg-operations-test/providers/microsoft.operationalinsights/workspaces/mlz-log-operations-test/providers/microsoft.authorization/roleassignments/70861424-140e-4d96-a51c-ea6a4bb8b111), Log Analytics Contributor (/subscriptions/a3ad3fff-f3c5-46cf-ac18-d384307648f8/resourcegroups/mlz-rg-sandbox/providers/microsoft.authorization/roleassignments/70861424-140e-4d96-a51c-ea6a4bb8b110)";"RG";"2";"2";"2";"1";"0";"false"
"0";"80c5c29b-f6c2-457b-af54-603a8d840878";"Tenant Root Group";"__TenantRoot__";"";"a3ad3fff-f3c5-46cf-ac18-d384307648f8";"MTNNet Main Subscription";"/subscriptions/a3ad3fff-f3c5-46cf-ac18-d384307648f8/resourcegroups/mlz-rg-sandbox/providers/microsoft.authorization/policyassignments/582016a0aead49a6a9c76556";"mlz-rg-sandbox";"Deploy default Microsoft IaaSAntimalware extension for Windows Server";"no description given";"Default";"";"n/a";"";"582016a0aead49a6a9c76556 (SPObjId: 7f0fec87-0fc0-4b39-a111-4d9a67df7259)";"Joe Scanlan";"12/08/2022 17:09:40";"ObjectType: User Member, ObjectDisplayName: Joe Scanlan (CSA), ObjectSignInName: joe@mtnnet.us, ObjectId: b38f032b-acba-4d66-be8d-17e83ddf8ab7";"";"";"deployIfNotExists";"Deploy default Microsoft IaaSAntimalware extension for Windows Server";"";"This policy deploys a Microsoft IaaSAntimalware extension with a default configuration when a VM is not configured with the antimalware extension.";"/providers/microsoft.authorization/policydefinitions/2835b622-407b-4114-9198-6f7064cbe0dc";"Policy";"BuiltIn";"False";"Compute";"thisScope Sub RG";"false";"Virtual Machine Contributor (/subscriptions/a3ad3fff-f3c5-46cf-ac18-d384307648f8/resourcegroups/mlz-rg-sandbox/providers/microsoft.authorization/roleassignments/a26c5981-3b4b-4e8d-88d9-8091a36cd0e8)";"RG";"0";"1";"0";"3";"0";"false"
"0";"80c5c29b-f6c2-457b-af54-603a8d840878";"Tenant Root Group";"__TenantRoot__";"";"a3ad3fff-f3c5-46cf-ac18-d384307648f8";"MTNNet Main Subscription";"/subscriptions/a3ad3fff-f3c5-46cf-ac18-d384307648f8/resourcegroups/mlz-rg-sandbox/providers/microsoft.authorization/policyassignments/d651b576c8b64e6e971445c3";"mlz-rg-sandbox";"Deploy VMSS Agents mlz-rg-sandbox";"no description given";"Default";"non-compliant";"n/a";"logAnalytics_1=/subscriptions/a3ad3fff-f3c5-46cf-ac18-d384307648f8/resourcegroups/mlz-rg-operations-test/providers/microsoft.operationalinsights/workspaces/mlz-log-operations-test";"d651b576c8b64e6e971445c3 (SPObjId: 3052272c-5c52-41e7-bdd0-038e39dd3dd1)";"n/a";"12/08/2022 15:42:55";"ObjectType: User Member, ObjectDisplayName: Joe Scanlan (CSA), ObjectSignInName: joe@mtnnet.us, ObjectId: b38f032b-acba-4d66-be8d-17e83ddf8ab7";"";"";"n/a";"Legacy - Enable Azure Monitor for Virtual Machine Scale Sets";"";"Legacy - Enable Azure Monitor for the Virtual Machine Scale Sets in the specified scope (Management group, Subscription or resource group). Takes Log Analytics workspace as parameter. Use the new initiative named: Enable Azure Monitor for VMSS with Azure Monitoring Agent(AMA). Note: if your scale set upgradePolicy is set to Manual, you need to apply the extension to the all VMs in the set by calling upgrade on them. In CLI this would be az vmss update-instances.";"/providers/microsoft.authorization/policysetdefinitions/75714362-cae7-409e-9b99-a8e5075b7fad";"PolicySet";"BuiltIn";"False";"Monitoring";"thisScope Sub RG";"false";"Log Analytics Contributor (/subscriptions/a3ad3fff-f3c5-46cf-ac18-d384307648f8/resourcegroups/mlz-rg-operations-test/providers/microsoft.operationalinsights/workspaces/mlz-log-operations-test/providers/microsoft.authorization/roleassignments/70861424-140e-4d96-a51c-ea6a4bb8b12d), Log Analytics Contributor (/subscriptions/a3ad3fff-f3c5-46cf-ac18-d384307648f8/resourcegroups/mlz-rg-sandbox/providers/microsoft.authorization/roleassignments/70861424-140e-4d96-a51c-ea6a4bb8b12e), Virtual Machine Contributor (/subscriptions/a3ad3fff-f3c5-46cf-ac18-d384307648f8/resourcegroups/mlz-rg-operations-test/providers/microsoft.operationalinsights/workspaces/mlz-log-operations-test/providers/microsoft.authorization/roleassignments/70861424-140e-4d96-a51c-ea6a4bb8b12f), Virtual Machine Contributor (/subscriptions/a3ad3fff-f3c5-46cf-ac18-d384307648f8/resourcegroups/mlz-rg-sandbox/providers/microsoft.authorization/roleassignments/70861424-140e-4d96-a51c-ea6a4bb8b130)";"RG";"0";"0";"0";"0";"0";"false"
"0";"80c5c29b-f6c2-457b-af54-603a8d840878";"Tenant Root Group";"__TenantRoot__";"";"a3ad3fff-f3c5-46cf-ac18-d384307648f8";"MTNNet Main Subscription";"/subscriptions/a3ad3fff-f3c5-46cf-ac18-d384307648f8/resourcegroups/mlz-rg-sharedservices-test/providers/microsoft.authorization/policyassignments/83334557b5e04f69b6c5c7e0";"mlz-rg-sharedServices-test";"Deploy default Microsoft IaaSAntimalware extension for Windows Server";"no description given";"Default";"";"n/a";"";"83334557b5e04f69b6c5c7e0 (SPObjId: 0bfa3743-8e1f-4204-86fa-8543deb1c6a5)";"Joe Scanlan";"12/08/2022 17:09:52";"ObjectType: User Member, ObjectDisplayName: Joe Scanlan (CSA), ObjectSignInName: joe@mtnnet.us, ObjectId: b38f032b-acba-4d66-be8d-17e83ddf8ab7";"";"";"deployIfNotExists";"Deploy default Microsoft IaaSAntimalware extension for Windows Server";"";"This policy deploys a Microsoft IaaSAntimalware extension with a default configuration when a VM is not configured with the antimalware extension.";"/providers/microsoft.authorization/policydefinitions/2835b622-407b-4114-9198-6f7064cbe0dc";"Policy";"BuiltIn";"False";"Compute";"thisScope Sub RG";"false";"Virtual Machine Contributor (/subscriptions/a3ad3fff-f3c5-46cf-ac18-d384307648f8/resourcegroups/mlz-rg-sharedservices-test/providers/microsoft.authorization/roleassignments/a26c5981-3b4b-4e8d-88d9-8091a36cd0f5)";"RG";"0";"0";"0";"0";"0";"false"
"0";"80c5c29b-f6c2-457b-af54-603a8d840878";"Tenant Root Group";"__TenantRoot__";"";"a3ad3fff-f3c5-46cf-ac18-d384307648f8";"MTNNet Main Subscription";"/subscriptions/a3ad3fff-f3c5-46cf-ac18-d384307648f8/resourcegroups/mlz-rg-sharedservices-test/providers/microsoft.authorization/policyassignments/deploy vm agents mlz-rg-sharedservices-test";"mlz-rg-sharedServices-test";"";"no description given";"Default";"";"n/a";"logAnalytics_1=/subscriptions/a3ad3fff-f3c5-46cf-ac18-d384307648f8/resourceGroups/mlz-rg-operations-test/providers/Microsoft.OperationalInsights/workspaces/mlz-log-operations-test";"Deploy VM Agents mlz-rg-sharedServices-test (SPObjId: 3a061e24-9eeb-437c-b805-9e4d2aedc0c4)";"n/a";"08/12/2022 15:47:52";"ObjectType: User Member, ObjectDisplayName: Joe Scanlan (CSA), ObjectSignInName: joe@mtnnet.us, ObjectId: b38f032b-acba-4d66-be8d-17e83ddf8ab7";"";"";"n/a";"Legacy - Enable Azure Monitor for VMs";"";"Legacy - Enable Azure Monitor for the virtual machines (VMs) in the specified scope (management group, subscription or resource group). Takes Log Analytics workspace as parameter. Use the new initiative named: Enable Azure Monitor for VMs with Azure Monitoring Agent(AMA)";"/providers/microsoft.authorization/policysetdefinitions/55f3eceb-5573-4f18-9695-226972c6d74a";"PolicySet";"BuiltIn";"False";"Monitoring";"thisScope Sub RG";"false";"Contributor (/subscriptions/a3ad3fff-f3c5-46cf-ac18-d384307648f8/resourcegroups/mlz-rg-sharedservices-test/providers/microsoft.authorization/roleassignments/96292072-bdcd-5e4c-9ee7-212360e31360), Log Analytics Contributor (/subscriptions/a3ad3fff-f3c5-46cf-ac18-d384307648f8/resourcegroups/mlz-rg-operations-test/providers/microsoft.authorization/roleassignments/7650e8be-b7d7-55c0-8e9c-26409ecf5865)";"RG";"0";"0";"0";"0";"0";"false"
"0";"80c5c29b-f6c2-457b-af54-603a8d840878";"Tenant Root Group";"__TenantRoot__";"";"a3ad3fff-f3c5-46cf-ac18-d384307648f8";"MTNNet Main Subscription";"/subscriptions/a3ad3fff-f3c5-46cf-ac18-d384307648f8/resourcegroups/mlz-rg-sharedservices-test/providers/microsoft.authorization/policyassignments/deploy vmss agents mlz-rg-sharedservices-test";"mlz-rg-sharedServices-test";"";"no description given";"Default";"";"n/a";"logAnalytics_1=/subscriptions/a3ad3fff-f3c5-46cf-ac18-d384307648f8/resourceGroups/mlz-rg-operations-test/providers/Microsoft.OperationalInsights/workspaces/mlz-log-operations-test";"Deploy VMSS Agents mlz-rg-sharedServices-test (SPObjId: 697ba800-9417-41c7-aaa3-3c87ac60e890)";"n/a";"08/12/2022 15:47:52";"ObjectType: User Member, ObjectDisplayName: Joe Scanlan (CSA), ObjectSignInName: joe@mtnnet.us, ObjectId: b38f032b-acba-4d66-be8d-17e83ddf8ab7";"";"";"n/a";"Legacy - Enable Azure Monitor for Virtual Machine Scale Sets";"";"Legacy - Enable Azure Monitor for the Virtual Machine Scale Sets in the specified scope (Management group, Subscription or resource group). Takes Log Analytics workspace as parameter. Use the new initiative named: Enable Azure Monitor for VMSS with Azure Monitoring Agent(AMA). Note: if your scale set upgradePolicy is set to Manual, you need to apply the extension to the all VMs in the set by calling upgrade on them. In CLI this would be az vmss update-instances.";"/providers/microsoft.authorization/policysetdefinitions/75714362-cae7-409e-9b99-a8e5075b7fad";"PolicySet";"BuiltIn";"False";"Monitoring";"thisScope Sub RG";"false";"Contributor (/subscriptions/a3ad3fff-f3c5-46cf-ac18-d384307648f8/resourcegroups/mlz-rg-sharedservices-test/providers/microsoft.authorization/roleassignments/8b6b78d4-346c-53a5-bd01-26cf08888ae6)";"RG";"0";"0";"0";"0";"0";"false"
"0";"80c5c29b-f6c2-457b-af54-603a8d840878";"Tenant Root Group";"__TenantRoot__";"";"c7c39807-92fa-4bcb-8d7f-a604845698d0";"MTN Training";"/subscriptions/c7c39807-92fa-4bcb-8d7f-a604845698d0/resourcegroups/rg1-az104-jsocstudent08/providers/microsoft.authorization/policyassignments/62378bb6b272406b9d32693b";"rg1-az104-jsocstudent08";"Inherit a tag from the subscription if missing";"no description given";"Default";"";"n/a";"tagName=Role";"62378bb6b272406b9d32693b (SPObjId: 3f3a4422-27a9-4075-9eed-b20c16adbfa1)";"JSOC Student8";"04/17/2023 18:22:07";"ObjectType: User Member, ObjectDisplayName: JSOC Student 8, ObjectSignInName: jsoc.student8@mtnnet.us, ObjectId: 2c56448d-b9ea-4f0a-8d8d-2b556db98730";"";"";"modify";"Inherit a tag from the subscription if missing";"";"Adds the specified tag with its value from the containing subscription when any resource missing this tag is created or updated. Existing resources can be remediated by triggering a remediation task. If the tag exists with a different value it will not be changed.";"/providers/microsoft.authorization/policydefinitions/40df99da-1232-49b1-a39a-6da8d878f469";"Policy";"BuiltIn";"False";"Tags";"thisScope Sub RG";"false";"Contributor (/subscriptions/c7c39807-92fa-4bcb-8d7f-a604845698d0/resourcegroups/rg1-az104-jsocstudent08/providers/microsoft.authorization/roleassignments/48105fbe-c50a-41a8-9eae-e96d88ade41b)";"RG";"0";"1";"0";"2";"0";"false"
"0";"80c5c29b-f6c2-457b-af54-603a8d840878";"Tenant Root Group";"__TenantRoot__";"";"c7c39807-92fa-4bcb-8d7f-a604845698d0";"MTN Training";"/subscriptions/c7c39807-92fa-4bcb-8d7f-a604845698d0/resourcegroups/rg1-az104-jsocstudent08/providers/microsoft.authorization/policyassignments/a84fe8851d6c4d71854ed203";"rg1-az104-jsocstudent08";"Inherit a tag from the subscription if missing";"Inherit the Role tag and its Infra value from the resource group containing the Cloud Shell storage account if missing";"Default";"";"n/a";"tagName=Role";"a84fe8851d6c4d71854ed203 (SPObjId: 353dd9e5-48da-43dd-8ca2-3c2814af0a14)";"JSOC Student8";"04/17/2023 17:48:48";"ObjectType: User Member, ObjectDisplayName: JSOC Student 8, ObjectSignInName: jsoc.student8@mtnnet.us, ObjectId: 2c56448d-b9ea-4f0a-8d8d-2b556db98730";"";"";"modify";"Inherit a tag from the subscription if missing";"";"Adds the specified tag with its value from the containing subscription when any resource missing this tag is created or updated. Existing resources can be remediated by triggering a remediation task. If the tag exists with a different value it will not be changed.";"/providers/microsoft.authorization/policydefinitions/40df99da-1232-49b1-a39a-6da8d878f469";"Policy";"BuiltIn";"False";"Tags";"thisScope Sub RG";"false";"Contributor (/subscriptions/c7c39807-92fa-4bcb-8d7f-a604845698d0/resourcegroups/rg1-az104-jsocstudent08/providers/microsoft.authorization/roleassignments/13846244-e95d-48aa-98c5-6fd38a0e901f)";"RG";"0";"1";"0";"2";"0";"false"
"0";"80c5c29b-f6c2-457b-af54-603a8d840878";"Tenant Root Group";"__TenantRoot__";"";"c7c39807-92fa-4bcb-8d7f-a604845698d0";"MTN Training";"/subscriptions/c7c39807-92fa-4bcb-8d7f-a604845698d0/resourcegroups/rg1-az104-jsocstudent08/providers/microsoft.authorization/policyassignments/d090958c8ff5461e8bce9215";"rg1-az104-jsocstudent08";"Inherit a tag from the subscription if missing";"no description given";"Default";"";"n/a";"tagName=Role";"d090958c8ff5461e8bce9215 (SPObjId: b2c43041-8c3a-4d82-8e83-1673f2eaf4a1)";"JSOC Student8";"04/17/2023 18:05:51";"ObjectType: User Member, ObjectDisplayName: JSOC Student 8, ObjectSignInName: jsoc.student8@mtnnet.us, ObjectId: 2c56448d-b9ea-4f0a-8d8d-2b556db98730";"";"";"modify";"Inherit a tag from the subscription if missing";"";"Adds the specified tag with its value from the containing subscription when any resource missing this tag is created or updated. Existing resources can be remediated by triggering a remediation task. If the tag exists with a different value it will not be changed.";"/providers/microsoft.authorization/policydefinitions/40df99da-1232-49b1-a39a-6da8d878f469";"Policy";"BuiltIn";"False";"Tags";"thisScope Sub RG";"false";"Contributor (/subscriptions/c7c39807-92fa-4bcb-8d7f-a604845698d0/resourcegroups/rg1-az104-jsocstudent08/providers/microsoft.authorization/roleassignments/be4cf2e1-c32e-410c-924c-817f793d201d)";"RG";"0";"1";"0";"2";"0";"false"
"0";"80c5c29b-f6c2-457b-af54-603a8d840878";"Tenant Root Group";"__TenantRoot__";"";"c7c39807-92fa-4bcb-8d7f-a604845698d0";"MTN Training";"/subscriptions/c7c39807-92fa-4bcb-8d7f-a604845698d0/resourcegroups/rg1-az104-jsocstudent10/providers/microsoft.authorization/policyassignments/3744bd12eb354e50bb6c976d";"rg1-az104-jsocstudent10";"Inherit a tag from the resource group if missing";"no description given";"Default";"";"n/a";"tagName=Role";"3744bd12eb354e50bb6c976d (SPObjId: b55959ba-4272-482c-bf97-28b01346dbb1)";"JSOC Student10";"04/17/2023 17:44:28";"ObjectType: User Member, ObjectDisplayName: JSOC Student 10, ObjectSignInName: jsoc.student10@mtnnet.us, ObjectId: ad00616b-c687-45b3-9043-45423f76a292";"";"";"modify";"Inherit a tag from the resource group if missing";"";"Adds the specified tag with its value from the parent resource group when any resource missing this tag is created or updated. Existing resources can be remediated by triggering a remediation task. If the tag exists with a different value it will not be changed.";"/providers/microsoft.authorization/policydefinitions/ea3f2387-9b95-492a-a190-fcdc54f7b070";"Policy";"BuiltIn";"False";"Tags";"thisScope Sub RG";"false";"Contributor (/subscriptions/c7c39807-92fa-4bcb-8d7f-a604845698d0/resourcegroups/rg1-az104-jsocstudent10/providers/microsoft.authorization/roleassignments/d6ef06f5-5e5c-4642-9cd5-356f5bd2d833)";"RG";"1";"0";"2";"1";"0";"false"
"0";"80c5c29b-f6c2-457b-af54-603a8d840878";"Tenant Root Group";"__TenantRoot__";"";"c7c39807-92fa-4bcb-8d7f-a604845698d0";"MTN Training";"/subscriptions/c7c39807-92fa-4bcb-8d7f-a604845698d0/resourcegroups/rg1-az104-jsocstudent10/providers/microsoft.authorization/policyassignments/b2f24c2fddb34a6598d3e965";"rg1-az104-jsocstudent10";"Inherit a tag from the resource group if missing";"Inherit a tag from the resource group if missing";"Default";"";"n/a";"tagName=role";"b2f24c2fddb34a6598d3e965 (SPObjId: a395a621-aa1f-4807-9795-d1d93254d4e5)";"JSOC Student10";"02/13/2023 19:01:53";"ObjectType: User Member, ObjectDisplayName: JSOC Student 10, ObjectSignInName: jsoc.student10@mtnnet.us, ObjectId: ad00616b-c687-45b3-9043-45423f76a292";"";"";"modify";"Inherit a tag from the resource group if missing";"";"Adds the specified tag with its value from the parent resource group when any resource missing this tag is created or updated. Existing resources can be remediated by triggering a remediation task. If the tag exists with a different value it will not be changed.";"/providers/microsoft.authorization/policydefinitions/ea3f2387-9b95-492a-a190-fcdc54f7b070";"Policy";"BuiltIn";"False";"Tags";"thisScope Sub RG";"false";"Contributor (/subscriptions/c7c39807-92fa-4bcb-8d7f-a604845698d0/resourcegroups/rg1-az104-jsocstudent10/providers/microsoft.authorization/roleassignments/8d8d243c-ec67-4119-a26d-a4e0a26af012)";"RG";"1";"0";"2";"1";"0";"false"
"0";"80c5c29b-f6c2-457b-af54-603a8d840878";"Tenant Root Group";"__TenantRoot__";"";"c7c39807-92fa-4bcb-8d7f-a604845698d0";"MTN Training";"/subscriptions/c7c39807-92fa-4bcb-8d7f-a604845698d0/resourcegroups/rg1-az104-jsocstudent12/providers/microsoft.authorization/policyassignments/37d40f300a874455beb88021";"rg1-az104-jsocstudent12";"Inherit a tag from the resource group if missing";"Inherit the Role tag and its Infra value from the resource group containing the Cloud Shell storage account if missing";"Default";"";"n/a";"tagName=Role";"37d40f300a874455beb88021 (SPObjId: b35e7ca9-1d7f-4555-abc4-44c55a4cdc6e)";"JSOC Student12";"04/17/2023 18:12:54";"ObjectType: User Member, ObjectDisplayName: JSOC Student 12, ObjectSignInName: jsoc.student12@mtnnet.us, ObjectId: bd86e604-66e1-4d58-b0a6-2050261aadc9";"";"";"modify";"Inherit a tag from the resource group if missing";"";"Adds the specified tag with its value from the parent resource group when any resource missing this tag is created or updated. Existing resources can be remediated by triggering a remediation task. If the tag exists with a different value it will not be changed.";"/providers/microsoft.authorization/policydefinitions/ea3f2387-9b95-492a-a190-fcdc54f7b070";"Policy";"BuiltIn";"False";"Tags";"thisScope Sub RG";"false";"Contributor (/subscriptions/c7c39807-92fa-4bcb-8d7f-a604845698d0/resourcegroups/rg1-az104-jsocstudent12/providers/microsoft.authorization/roleassignments/4ac902a9-69c5-408d-9be3-783cf972a029)";"RG";"0";"1";"0";"5";"0";"false"
"0";"80c5c29b-f6c2-457b-af54-603a8d840878";"Tenant Root Group";"__TenantRoot__";"";"c7c39807-92fa-4bcb-8d7f-a604845698d0";"MTN Training";"/subscriptions/c7c39807-92fa-4bcb-8d7f-a604845698d0/resourcegroups/rg1-az104-jsocstudent14/providers/microsoft.authorization/policyassignments/6c1f298d30ee4b23a52cccc4";"rg1-az104-jsocstudent14";"Require role tag with infra value";"Require Role tag with Infra value for all resources in the resource group containing Cloud Shell storage account";"DoNotEnforce";"";"n/a";"tagName=Role, tagValue=Infra";"";"JSOC Student14";"04/17/2023 17:56:59";"ObjectType: User Member, ObjectDisplayName: JSOC Student 14, ObjectSignInName: jsoc.student14@mtnnet.us, ObjectId: 24bcd483-e8c5-4ada-95df-b63bf16e533c";"04/18/2023 14:32:34";"ObjectType: User Member, ObjectDisplayName: JSOC Student 14, ObjectSignInName: jsoc.student14@mtnnet.us, ObjectId: 24bcd483-e8c5-4ada-95df-b63bf16e533c";"deny";"Require a tag and its value on resources";"";"Enforces a required tag and its value. Does not apply to resource groups.";"/providers/microsoft.authorization/policydefinitions/1e30110a-5ceb-460c-a204-c1c3969c6d62";"Policy";"BuiltIn";"False";"Tags";"thisScope Sub RG";"false";"none";"RG";"1";"0";"3";"0";"0";"false"
"0";"80c5c29b-f6c2-457b-af54-603a8d840878";"Tenant Root Group";"__TenantRoot__";"";"c7c39807-92fa-4bcb-8d7f-a604845698d0";"MTN Training";"/subscriptions/c7c39807-92fa-4bcb-8d7f-a604845698d0/resourcegroups/rg1-az104-jsocstudent22/providers/microsoft.authorization/policyassignments/7a1fbcfa94ee402998d7d925";"rg1-az104-jsocstudent22";"Inherit the Role tag and its Infra value from the resource group containing the Cloud Shell storage account if missing";"Inherit the Role tag and its Infra value from the resource group containing the Cloud Shell storage account if missing";"Default";"";"n/a";"tagName=Role";"7a1fbcfa94ee402998d7d925 (SPObjId: 8496c383-70ff-459c-a130-3f0de54f50f6)";"JSOC Student22";"02/06/2023 17:08:22";"ObjectType: User Member, ObjectDisplayName: JSOC Student 22, ObjectSignInName: jsoc.student22@mtnnet.us, ObjectId: 1058a96b-7d6a-4b0e-81fa-fbfd96fa2859";"";"";"modify";"Inherit a tag from the resource group if missing";"";"Adds the specified tag with its value from the parent resource group when any resource missing this tag is created or updated. Existing resources can be remediated by triggering a remediation task. If the tag exists with a different value it will not be changed.";"/providers/microsoft.authorization/policydefinitions/ea3f2387-9b95-492a-a190-fcdc54f7b070";"Policy";"BuiltIn";"False";"Tags";"thisScope Sub RG";"false";"Contributor (/subscriptions/c7c39807-92fa-4bcb-8d7f-a604845698d0/resourcegroups/rg1-az104-jsocstudent22/providers/microsoft.authorization/roleassignments/9bbd7d2a-4084-4cad-9e8d-02d2f19940f8)";"RG";"0";"1";"0";"2";"0";"false"
"0";"80c5c29b-f6c2-457b-af54-603a8d840878";"Tenant Root Group";"__TenantRoot__";"";"f5b490b4-4ce4-469b-9f14-32b600fd3959";"Partner Scratch Space";"/subscriptions/f5b490b4-4ce4-469b-9f14-32b600fd3959/providers/microsoft.authorization/policyassignments/securitycenterbuiltin";"f5b490b4-4ce4-469b-9f14-32b600fd3959";"ASC Default (subscription: f5b490b4-4ce4-469b-9f14-32b600fd3959)";"This is the default set of policies monitored by Azure Security Center. It was automatically assigned as part of onboarding to Security Center. The default assignment contains only audit policies. For more information please visit https://aka.ms/ascpolicies";"Default";"";"n/a";"";"";"Security Center";"09/16/2022 14:49:06";"ObjectType: SP App EXT, ObjectDisplayName: Windows Azure Security Resource Provider, ObjectSignInName: n/a, ObjectId: e36cdba1-8d32-40a3-85e9-b549ac682554 (rp)";"";"";"n/a";"Microsoft cloud security benchmark";"";"The Microsoft cloud security benchmark initiative represents the policies and controls implementing security recommendations defined in Microsoft cloud security benchmark, see https://aka.ms/azsecbm. This also serves as the Microsoft Defender for Cloud default policy initiative. You can directly assign this initiative, or manage its policies and compliance results within Microsoft Defender for Cloud.";"/providers/microsoft.authorization/policysetdefinitions/1f3afdf9-d0c9-4c3d-847f-89da613e70a8";"PolicySet";"BuiltIn";"False";"Security Center";"thisScope Sub";"false";"none";"Sub";"47";"21";"18";"0";"0";"false"
